,Country,Family,Freedom,GDP per Capita,Generosity,Happiness Rank,Happiness Score,Life Expectancy,Region,Trust (Government Corruption),Year
0,Switzerland,1.34951,0.66557,1.3965100000000001,0.29678000000000004,1,7.587000000000001,0.9414299999999999,Western Europe,0.41978000000000004,2015
1,Iceland,1.4022299999999999,0.6287699999999999,1.3023200000000001,0.4363,2,7.561,0.94784,Western Europe,0.14145,2015
2,Denmark,1.36058,0.6493800000000001,1.32548,0.34139,3,7.527,0.87464,Western Europe,0.48357,2015
3,Norway,1.33095,0.66973,1.459,0.34699,4,7.522,0.88521,Western Europe,0.36503,2015
4,Canada,1.32261,0.63297,1.32629,0.45811,5,7.4270000000000005,0.9056299999999999,North America,0.32957,2015
5,Finland,1.31826,0.64169,1.29025,0.23351,6,7.406000000000001,0.8891100000000001,Western Europe,0.41372,2015
6,Netherlands,1.28017,0.6157600000000001,1.32944,0.4761,7,7.377999999999999,0.89284,Western Europe,0.31814000000000003,2015
7,Sweden,1.2890700000000002,0.6598,1.33171,0.36262,8,7.364,0.9108700000000001,Western Europe,0.43843999999999994,2015
8,New Zealand,1.3196700000000001,0.6393800000000001,1.2501799999999998,0.47501000000000004,9,7.2860000000000005,0.9083700000000001,Australia and New Zealand,0.42922,2015
9,Australia,1.30923,0.6512399999999999,1.33358,0.43562,10,7.284,0.93156,Australia and New Zealand,0.35636999999999996,2015
10,Israel,1.22393,0.41318999999999995,1.2285700000000002,0.33171999999999996,11,7.278,0.9138700000000001,Middle East and Northern Africa,0.07785,2015
11,Costa Rica,1.2378799999999999,0.63376,0.95578,0.25497,12,7.226,0.8602700000000001,Latin America and Caribbean,0.10583,2015
12,Austria,1.29704,0.62433,1.33723,0.33088,13,7.2,0.8904200000000001,Western Europe,0.18675999999999998,2015
13,Mexico,0.91451,0.48181,1.02054,0.14074,14,7.187,0.8144399999999999,Latin America and Caribbean,0.21311999999999998,2015
14,United States,1.24711,0.54604,1.3945100000000001,0.40105,15,7.119,0.86179,North America,0.1589,2015
15,Brazil,1.2328700000000001,0.49049,0.98124,0.14574,16,6.983,0.69702,Latin America and Caribbean,0.17521,2015
16,Luxembourg,1.21963,0.61583,1.5639100000000001,0.28034000000000003,17,6.946000000000001,0.91894,Western Europe,0.37798000000000004,2015
17,Ireland,1.36948,0.6177699999999999,1.33596,0.45901000000000003,18,6.94,0.89533,Western Europe,0.28703,2015
18,Belgium,1.28566,0.5845,1.30782,0.2225,19,6.937,0.8966700000000001,Western Europe,0.2254,2015
19,United Arab Emirates,1.12575,0.64157,1.42727,0.26428,20,6.901,0.80925,Middle East and Northern Africa,0.38583,2015
20,United Kingdom,1.28548,0.59625,1.26637,0.51912,21,6.867000000000001,0.90943,Western Europe,0.32066999999999996,2015
21,Oman,1.08182,0.63274,1.36011,0.21541999999999997,22,6.853,0.76276,Middle East and Northern Africa,0.32524000000000003,2015
22,Venezuela,1.25596,0.42908,1.04424,0.058410000000000004,23,6.81,0.7205199999999999,Latin America and Caribbean,0.11069000000000001,2015
23,Singapore,1.02,0.54252,1.52186,0.31105,24,6.797999999999999,1.02525,Southeastern Asia,0.4921,2015
24,Panama,1.1985,0.5421,1.0635299999999999,0.24434,25,6.7860000000000005,0.79661,Latin America and Caribbean,0.0927,2015
25,Germany,1.2993700000000001,0.6147699999999999,1.32792,0.28214,26,6.75,0.89186,Western Europe,0.21843,2015
26,Chile,1.12447,0.44132,1.10715,0.33363000000000004,27,6.67,0.85857,Latin America and Caribbean,0.12869,2015
27,Qatar,1.0786,0.6404,1.69042,0.32573,28,6.611000000000001,0.79733,Middle East and Northern Africa,0.52208,2015
28,France,1.2603799999999998,0.55011,1.27778,0.12332,29,6.575,0.9457899999999999,Western Europe,0.20646,2015
29,Argentina,1.24823,0.44974,1.05351,0.11450999999999999,30,6.574,0.78723,Latin America and Caribbean,0.08484,2015
30,Czech Republic,1.20643,0.46363999999999994,1.17898,0.10686,31,6.505,0.84483,Central and Eastern Europe,0.02652,2015
31,Uruguay,1.2089,0.6036199999999999,1.06166,0.2324,32,6.485,0.8116,Latin America and Caribbean,0.24558000000000002,2015
32,Colombia,1.2401799999999998,0.53466,0.91861,0.18400999999999998,33,6.477,0.69077,Latin America and Caribbean,0.0512,2015
33,Thailand,1.26504,0.5566399999999999,0.9669,0.5763,34,6.455,0.7385,Southeastern Asia,0.031869999999999996,2015
34,Saudi Arabia,1.0839299999999998,0.31048000000000003,1.39541,0.13706,35,6.4110000000000005,0.72025,Middle East and Northern Africa,0.32524000000000003,2015
35,Spain,1.31379,0.45951000000000003,1.23011,0.18227000000000002,36,6.329,0.95562,Western Europe,0.06398,2015
36,Malta,1.30203,0.60365,1.2074,0.51752,37,6.3020000000000005,0.88721,Western Europe,0.13585999999999998,2015
37,Taiwan,1.07617,0.3974,1.29098,0.25376,38,6.297999999999999,0.8753,Eastern Asia,0.08129,2015
38,Kuwait,1.16594,0.55499,1.5542200000000002,0.16228,39,6.295,0.72492,Middle East and Northern Africa,0.25609,2015
39,Suriname,0.972,0.5965699999999999,0.99534,0.16990999999999998,40,6.269,0.6082,Latin America and Caribbean,0.13633,2015
40,Trinidad and Tobago,1.18354,0.55884,1.21183,0.31844,41,6.167999999999999,0.61483,Latin America and Caribbean,0.0114,2015
41,El Salvador,1.0250700000000001,0.4035,0.76454,0.10692,42,6.13,0.67737,Latin America and Caribbean,0.11775999999999999,2015
42,Guatemala,1.04356,0.57733,0.74553,0.27489,43,6.122999999999999,0.64425,Latin America and Caribbean,0.09472,2015
43,Uzbekistan,1.34043,0.6582100000000001,0.63244,0.22837,44,6.002999999999999,0.59772,Central and Eastern Europe,0.30826,2015
44,Slovakia,1.26999,0.31751,1.1689100000000001,0.16893,45,5.995,0.7890199999999999,Central and Eastern Europe,0.03431,2015
45,Japan,1.25712,0.49615,1.27074,0.10705,46,5.987,0.99111,Eastern Asia,0.1806,2015
46,South Korea,0.9577399999999999,0.33208000000000004,1.24461,0.18557,47,5.984,0.9653799999999999,Eastern Asia,0.07857,2015
47,Ecuador,0.99903,0.48573999999999995,0.8640200000000001,0.11540999999999998,48,5.975,0.79075,Latin America and Caribbean,0.1809,2015
48,Bahrain,1.21624,0.45492,1.32376,0.17362,49,5.96,0.74716,Middle East and Northern Africa,0.306,2015
49,Italy,1.19777,0.26236,1.25114,0.22823000000000002,50,5.9479999999999995,0.9544600000000001,Western Europe,0.02901,2015
50,Bolivia,0.97841,0.57414,0.68133,0.20536,51,5.89,0.5392,Latin America and Caribbean,0.08800000000000001,2015
51,Moldova,1.01528,0.32818,0.59448,0.20951,52,5.888999999999999,0.61826,Central and Eastern Europe,0.01615,2015
52,Paraguay,1.30477,0.53899,0.75985,0.3424,53,5.877999999999999,0.66098,Latin America and Caribbean,0.08242000000000001,2015
53,Kazakhstan,1.1224100000000001,0.51649,1.1225399999999999,0.11827,54,5.855,0.64368,Central and Eastern Europe,0.08454,2015
54,Slovenia,1.27385,0.60855,1.18498,0.25328,55,5.848,0.8733700000000001,Central and Eastern Europe,0.03787,2015
55,Lithuania,1.25745,0.21341999999999997,1.14723,0.026410000000000003,56,5.832999999999999,0.73128,Central and Eastern Europe,0.01031,2015
56,Nicaragua,1.14184,0.55475,0.59325,0.27815,57,5.827999999999999,0.7431399999999999,Latin America and Caribbean,0.19317,2015
57,Peru,0.97459,0.41496000000000005,0.9001899999999999,0.14982,58,5.824,0.73017,Latin America and Caribbean,0.05989,2015
58,Belarus,1.23289,0.37938,1.0319200000000002,0.11045999999999999,59,5.813,0.7360800000000001,Central and Eastern Europe,0.1909,2015
59,Poland,1.27948,0.53122,1.12555,0.16759000000000002,60,5.791,0.77903,Central and Eastern Europe,0.04212,2015
60,Malaysia,1.07023,0.5302399999999999,1.12486,0.33075,61,5.77,0.7239399999999999,Southeastern Asia,0.10500999999999999,2015
61,Croatia,0.79624,0.25883,1.08254,0.054439999999999995,62,5.7589999999999995,0.78805,Central and Eastern Europe,0.0243,2015
62,Libya,1.1186200000000002,0.41668,1.13145,0.18295,63,5.754,0.7038,Middle East and Northern Africa,0.11023,2015
63,Russia,1.23617,0.36679,1.13764,0.00199,64,5.716,0.6692600000000001,Central and Eastern Europe,0.03005,2015
64,Jamaica,1.1510200000000002,0.50442,0.81038,0.2123,65,5.709,0.6874100000000001,Latin America and Caribbean,0.02299,2015
65,North Cyprus,1.07008,0.49027,1.2080600000000001,0.26169000000000003,66,5.695,0.92356,Western Europe,0.1428,2015
66,Cyprus,0.89318,0.40671999999999997,1.20813,0.30638000000000004,67,5.689,0.92356,Western Europe,0.06146,2015
67,Algeria,1.07772,0.28579,0.93929,0.07822,68,5.605,0.61766,Middle East and Northern Africa,0.17382999999999998,2015
68,Kosovo,0.81198,0.24749000000000002,0.80148,0.2831,69,5.5889999999999995,0.63132,Central and Eastern Europe,0.04741,2015
69,Turkmenistan,1.22668,0.4761,0.95847,0.16979,70,5.547999999999999,0.53886,Central and Eastern Europe,0.30844,2015
70,Mauritius,0.98521,0.56066,1.0076100000000001,0.37744,71,5.477,0.7095,Sub-Saharan Africa,0.07521,2015
71,Hong Kong,1.05818,0.59608,1.38604,0.39478,72,5.474,1.01328,Eastern Asia,0.37124,2015
72,Estonia,1.22791,0.44888,1.15174,0.0868,73,5.428999999999999,0.77361,Central and Eastern Europe,0.15184,2015
73,Indonesia,1.0870799999999998,0.46611,0.8282700000000001,0.51535,74,5.399,0.63793,Southeastern Asia,0.0,2015
74,Vietnam,0.9122600000000001,0.59444,0.63216,0.1686,75,5.36,0.7467600000000001,Southeastern Asia,0.10440999999999999,2015
75,Turkey,0.94632,0.22815,1.06098,0.12253,76,5.332000000000001,0.73172,Middle East and Northern Africa,0.15746,2015
76,Kyrgyzstan,1.15115,0.43477,0.47428000000000003,0.3003,77,5.2860000000000005,0.65088,Central and Eastern Europe,0.042319999999999997,2015
77,Nigeria,0.9043200000000001,0.34334000000000003,0.65435,0.27233,78,5.268,0.16007000000000002,Sub-Saharan Africa,0.0403,2015
78,Bhutan,1.10395,0.5320600000000001,0.77042,0.47998,79,5.252999999999999,0.57407,Southern Asia,0.15445,2015
79,Azerbaijan,0.9379299999999999,0.3703,1.02389,0.07799,80,5.212000000000001,0.64045,Central and Eastern Europe,0.16065,2015
80,Pakistan,0.41411000000000003,0.12102,0.59543,0.33671,81,5.194,0.51466,Southern Asia,0.10464000000000001,2015
81,Jordan,1.05392,0.40660999999999997,0.9019799999999999,0.11052999999999999,82,5.192,0.69639,Middle East and Northern Africa,0.14293,2015
82,Montenegro,0.9055700000000001,0.1826,0.9743799999999999,0.1614,82,5.192,0.72521,Central and Eastern Europe,0.14296,2015
83,China,0.94675,0.5169699999999999,0.89012,0.08185,84,5.14,0.81658,Eastern Asia,0.02781,2015
84,Zambia,0.91612,0.48827,0.47038,0.19591,85,5.129,0.29924,Sub-Saharan Africa,0.12468,2015
85,Romania,0.8858799999999999,0.35068,1.04345,0.13748,86,5.124,0.7689,Central and Eastern Europe,0.006490000000000001,2015
86,Serbia,1.0096399999999999,0.20107,0.92053,0.19230999999999998,87,5.122999999999999,0.74836,Central and Eastern Europe,0.02617,2015
87,Portugal,1.13935,0.51469,1.15991,0.13719,88,5.102,0.8751899999999999,Western Europe,0.01078,2015
88,Latvia,1.09562,0.29671,1.11312,0.18225999999999998,89,5.098,0.72437,Central and Eastern Europe,0.06332,2015
89,Philippines,1.03516,0.62545,0.70532,0.24991,90,5.073,0.58114,Southeastern Asia,0.12279000000000001,2015
90,Somaliland region,0.95152,0.46581999999999996,0.18847,0.5031800000000001,91,5.0569999999999995,0.43873,Sub-Saharan Africa,0.39928,2015
91,Morocco,0.64095,0.41691000000000006,0.7347899999999999,0.07172,92,5.013,0.60954,Middle East and Northern Africa,0.08546000000000001,2015
92,Macedonia,1.00232,0.33457,0.91851,0.22359,93,5.007,0.73545,Central and Eastern Europe,0.053270000000000005,2015
93,Mozambique,1.02626,0.34037,0.08308,0.22269,94,4.971,0.09131,Sub-Saharan Africa,0.15603,2015
94,Albania,0.8043399999999999,0.35733000000000004,0.8786700000000001,0.14272,95,4.959,0.81325,Central and Eastern Europe,0.06412999999999999,2015
95,Bosnia and Herzegovina,0.9191600000000001,0.09245,0.8322299999999999,0.24808000000000002,96,4.949,0.79081,Central and Eastern Europe,0.00227,2015
96,Lesotho,1.04103,0.31767,0.37545,0.16388,97,4.898,0.07612000000000001,Sub-Saharan Africa,0.12504,2015
97,Dominican Republic,1.17202,0.57672,0.8953700000000001,0.21684,98,4.885,0.66825,Latin America and Caribbean,0.14234000000000002,2015
98,Laos,0.73803,0.59591,0.5906600000000001,0.42191999999999996,99,4.876,0.54909,Southeastern Asia,0.24249,2015
99,Mongolia,1.3006,0.43626000000000004,0.82819,0.3323,100,4.874,0.60268,Eastern Asia,0.026660000000000003,2015
100,Swaziland,1.07284,0.30658,0.71206,0.18259,101,4.867,0.07566,Sub-Saharan Africa,0.0306,2015
101,Greece,0.9293299999999999,0.07699,1.15406,0.0,102,4.857,0.88213,Western Europe,0.013969999999999998,2015
102,Lebanon,0.80001,0.33916,1.0256399999999999,0.21854,103,4.8389999999999995,0.83947,Middle East and Northern Africa,0.04582,2015
103,Hungary,1.20215,0.32111999999999996,1.12094,0.128,104,4.8,0.75905,Central and Eastern Europe,0.02758,2015
104,Honduras,0.9534799999999999,0.40148,0.59532,0.23026999999999997,105,4.788,0.6951,Latin America and Caribbean,0.06825,2015
105,Tajikistan,0.8556299999999999,0.47216,0.39047,0.22974,106,4.7860000000000005,0.5737899999999999,Central and Eastern Europe,0.15072,2015
106,Tunisia,0.60429,0.26268,0.88113,0.06431,107,4.739,0.73793,Middle East and Northern Africa,0.06358,2015
107,Palestinian Territories,0.92558,0.24499,0.59867,0.11250999999999999,108,4.715,0.66015,Middle East and Northern Africa,0.12905,2015
108,Bangladesh,0.43106000000000005,0.4082,0.39753,0.21222,109,4.694,0.60164,Southern Asia,0.12569,2015
109,Iran,0.54447,0.30033000000000004,1.0088,0.38086,110,4.686,0.69805,Middle East and Northern Africa,0.058629999999999995,2015
110,Ukraine,1.20278,0.25123,0.79907,0.15275,111,4.681,0.6739,Central and Eastern Europe,0.02961,2015
111,Iraq,0.81889,0.0,0.98549,0.17922000000000002,112,4.677,0.60237,Middle East and Northern Africa,0.13788,2015
112,South Africa,1.18468,0.33207,0.9204899999999999,0.11972999999999999,113,4.6419999999999995,0.27688,Sub-Saharan Africa,0.08884,2015
113,Ghana,0.6795399999999999,0.42341999999999996,0.5455800000000001,0.23087,114,4.633,0.40131999999999995,Sub-Saharan Africa,0.04355,2015
114,Zimbabwe,1.0327600000000001,0.25861,0.271,0.18987,115,4.61,0.33475,Sub-Saharan Africa,0.08079,2015
115,Liberia,0.78968,0.28531,0.0712,0.24361999999999998,116,4.571000000000001,0.34201,Sub-Saharan Africa,0.06232000000000001,2015
116,India,0.38174,0.39786,0.64499,0.26475,117,4.565,0.5152899999999999,Southern Asia,0.08492000000000001,2015
117,Sudan,1.01404,0.10081,0.52107,0.19062,118,4.55,0.36878,Sub-Saharan Africa,0.1466,2015
118,Haiti,0.74302,0.24425,0.26673,0.46187,119,4.518,0.38847,Latin America and Caribbean,0.17175,2015
119,Congo (Kinshasa),1.0012,0.22605,0.0,0.24834,120,4.5169999999999995,0.09806000000000001,Sub-Saharan Africa,0.07625,2015
120,Nepal,0.86449,0.38282,0.35996999999999996,0.32295999999999997,121,4.513999999999999,0.5687399999999999,Southern Asia,0.059070000000000004,2015
121,Ethiopia,0.60406,0.4345,0.19072999999999998,0.24325,122,4.512,0.44055,Sub-Saharan Africa,0.15048,2015
122,Sierra Leone,0.9557100000000001,0.4084,0.33024000000000003,0.21488000000000002,123,4.507,0.0,Sub-Saharan Africa,0.08786000000000001,2015
123,Mauritania,0.86908,0.24231999999999998,0.45407,0.21899999999999997,124,4.436,0.35874,Sub-Saharan Africa,0.17461,2015
124,Kenya,0.99876,0.42215,0.36471,0.37542,125,4.419,0.41435,Sub-Saharan Africa,0.05839,2015
125,Djibouti,0.59207,0.46074,0.44025,0.18093,126,4.369,0.36291,Sub-Saharan Africa,0.28105,2015
126,Armenia,0.7771100000000001,0.19847,0.7682100000000001,0.07855,127,4.35,0.7299,Central and Eastern Europe,0.039,2015
127,Botswana,1.10464,0.49495,0.99355,0.10461,128,4.332,0.047760000000000004,Sub-Saharan Africa,0.12474,2015
128,Myanmar,0.70905,0.44017,0.27108000000000004,0.79588,129,4.3069999999999995,0.48246000000000006,Southeastern Asia,0.19034,2015
129,Georgia,0.38561999999999996,0.40576999999999996,0.7419,0.055470000000000005,130,4.297,0.72926,Central and Eastern Europe,0.38331,2015
130,Malawi,0.41134,0.43054,0.016040000000000002,0.33128,131,4.292,0.22562,Sub-Saharan Africa,0.06977,2015
131,Sri Lanka,1.01905,0.5372600000000001,0.83524,0.40828000000000003,132,4.271,0.70806,Southern Asia,0.09179,2015
132,Cameroon,0.8876700000000001,0.49309,0.4225,0.20618000000000003,133,4.252,0.23401999999999998,Sub-Saharan Africa,0.05786,2015
133,Bulgaria,1.10614,0.30587,1.01216,0.11921,134,4.218,0.76649,Central and Eastern Europe,0.00872,2015
134,Egypt,0.747,0.17288,0.8818,0.11291,135,4.194,0.61712,Middle East and Northern Africa,0.06324,2015
135,Yemen,0.68093,0.35570999999999997,0.5464899999999999,0.09131,136,4.077,0.40064,Middle East and Northern Africa,0.07854,2015
136,Angola,0.8604,0.10384000000000002,0.75778,0.12344000000000001,137,4.033,0.16683,Sub-Saharan Africa,0.07122,2015
137,Mali,1.03526,0.38856999999999997,0.26074,0.18798,138,3.995,0.20583,Sub-Saharan Africa,0.12352,2015
138,Congo (Brazzaville),0.6629,0.41466000000000003,0.67866,0.12387999999999999,139,3.989,0.31051,Sub-Saharan Africa,0.11685999999999999,2015
139,Comoros,0.79273,0.22916999999999998,0.23906,0.17440999999999998,140,3.9560000000000004,0.36315,Sub-Saharan Africa,0.19899999999999998,2015
140,Uganda,1.13299,0.45726999999999995,0.21101999999999999,0.29066,141,3.931,0.33860999999999997,Sub-Saharan Africa,0.07267,2015
141,Senegal,0.97619,0.36772,0.36498,0.20843000000000003,142,3.904,0.4354,Sub-Saharan Africa,0.10712999999999999,2015
142,Gabon,0.90528,0.31914000000000003,1.06024,0.06822,143,3.8960000000000004,0.43372,Sub-Saharan Africa,0.11091,2015
143,Niger,0.77265,0.47691999999999996,0.0694,0.19387000000000001,144,3.845,0.29707,Sub-Saharan Africa,0.15639,2015
144,Cambodia,0.62736,0.66246,0.46038,0.40359,145,3.819,0.61114,Southeastern Asia,0.07247,2015
145,Tanzania,1.00268,0.32878,0.2852,0.34376999999999996,146,3.781,0.38215,Sub-Saharan Africa,0.05747000000000001,2015
146,Madagascar,0.66801,0.19184,0.20824,0.21333000000000002,147,3.681,0.46721,Sub-Saharan Africa,0.08123999999999999,2015
147,Central African Republic,0.0,0.48878999999999995,0.0785,0.23835,148,3.678,0.06699,Sub-Saharan Africa,0.08288999999999999,2015
148,Chad,0.76062,0.23501,0.34193,0.18386,149,3.667,0.1501,Sub-Saharan Africa,0.05269,2015
149,Guinea,0.46475,0.37725,0.17417,0.28657,150,3.656,0.24009,Sub-Saharan Africa,0.12139000000000001,2015
150,Ivory Coast,0.77115,0.46866,0.46534,0.20165,151,3.655,0.15185,Sub-Saharan Africa,0.17922000000000002,2015
151,Burkina Faso,0.85188,0.39493,0.25811999999999996,0.21746999999999997,152,3.5869999999999997,0.27125,Sub-Saharan Africa,0.12832000000000002,2015
152,Afghanistan,0.30285,0.23414000000000001,0.31982,0.3651,153,3.575,0.30335,Southern Asia,0.09719,2015
153,Rwanda,0.7737,0.59201,0.22208000000000003,0.22628,154,3.465,0.42863999999999997,Sub-Saharan Africa,0.55191,2015
154,Benin,0.35386,0.4845,0.28665,0.1826,155,3.34,0.3191,Sub-Saharan Africa,0.0801,2015
155,Syria,0.47489,0.15684,0.6632,0.47179,156,3.0060000000000002,0.7219300000000001,Middle East and Northern Africa,0.18905999999999998,2015
156,Burundi,0.41586999999999996,0.1185,0.0153,0.19727,157,2.905,0.22396,Sub-Saharan Africa,0.10062,2015
157,Togo,0.13995,0.36453,0.20868,0.16680999999999999,158,2.839,0.28443,Sub-Saharan Africa,0.10730999999999999,2015
158,Denmark,1.16374,0.5794100000000001,1.4417799999999998,0.36171,1,7.526,0.79504,Western Europe,0.44453000000000004,2016
159,Switzerland,1.14524,0.58557,1.5273299999999999,0.28083,2,7.5089999999999995,0.86303,Western Europe,0.41203,2016
160,Iceland,1.18326,0.56624,1.42666,0.47678000000000004,3,7.501,0.8673299999999999,Western Europe,0.14975,2016
161,Norway,1.1269,0.59609,1.57744,0.37895,4,7.497999999999999,0.79579,Western Europe,0.35775999999999997,2016
162,Finland,1.1346399999999999,0.57104,1.40598,0.25492,5,7.412999999999999,0.81091,Western Europe,0.41003999999999996,2016
163,Canada,1.0961,0.5737,1.44015,0.44833999999999996,6,7.404,0.8276,North America,0.31329,2016
164,Netherlands,1.02912,0.55211,1.46468,0.47416,7,7.3389999999999995,0.8123100000000001,Western Europe,0.29927,2016
165,New Zealand,1.17278,0.5814699999999999,1.36066,0.49401000000000006,8,7.334,0.83096,Australia and New Zealand,0.41903999999999997,2016
166,Australia,1.10476,0.5683699999999999,1.4444299999999999,0.47407,9,7.313,0.8512,Australia and New Zealand,0.32331,2016
167,Sweden,1.08764,0.58218,1.45181,0.38254,10,7.291,0.83121,Western Europe,0.40867,2016
168,Israel,0.9953700000000001,0.36432,1.33766,0.32288,11,7.267,0.8491700000000001,Middle East and Northern Africa,0.08728,2016
169,Austria,1.0838299999999998,0.54355,1.45038,0.32865,12,7.119,0.80565,Western Europe,0.21348000000000003,2016
170,United States,1.04782,0.48163,1.50796,0.41076999999999997,13,7.104,0.779,North America,0.14868,2016
171,Costa Rica,1.02152,0.55225,1.06879,0.22553,14,7.087000000000001,0.76146,Latin America and Caribbean,0.10547000000000001,2016
172,Puerto Rico,1.08113,0.46823000000000004,1.35943,0.22202,15,7.039,0.77758,Latin America and Caribbean,0.12275,2016
173,Germany,1.09774,0.53466,1.44787,0.30451999999999996,16,6.994,0.81487,Western Europe,0.28551,2016
174,Brazil,1.03938,0.40425,1.08754,0.15775999999999998,17,6.952000000000001,0.61415,Latin America and Caribbean,0.14165999999999998,2016
175,Belgium,1.05249,0.51354,1.42539,0.2424,18,6.928999999999999,0.8195899999999999,Western Europe,0.26248,2016
176,Ireland,1.16157,0.54008,1.4834100000000001,0.44963000000000003,19,6.907,0.81455,Western Europe,0.29754,2016
177,Luxembourg,1.03999,0.5487,1.6975200000000001,0.27571,20,6.871,0.8454200000000001,Western Europe,0.35329,2016
178,Mexico,0.7146,0.37709000000000004,1.1150799999999998,0.11735,21,6.778,0.71143,Latin America and Caribbean,0.18355,2016
179,Singapore,0.8675799999999999,0.4877,1.64555,0.32706,22,6.739,0.94719,Southeastern Asia,0.46986999999999995,2016
180,United Kingdom,1.0867200000000001,0.50036,1.40283,0.50156,23,6.725,0.80991,Western Europe,0.27399,2016
181,Chile,0.9058700000000001,0.37789,1.2167,0.31595,24,6.705,0.8188300000000001,Latin America and Caribbean,0.11450999999999999,2016
182,Panama,0.9891200000000001,0.48927,1.18306,0.2418,25,6.7010000000000005,0.70835,Latin America and Caribbean,0.08423,2016
183,Argentina,1.0661200000000002,0.42283999999999994,1.15137,0.10989000000000002,26,6.65,0.69711,Latin America and Caribbean,0.07296,2016
184,Czech Republic,1.00793,0.41418,1.30915,0.09929,27,6.596,0.76376,Central and Eastern Europe,0.03986,2016
185,United Arab Emirates,0.8711399999999999,0.56215,1.57352,0.26591,28,6.5729999999999995,0.72993,Middle East and Northern Africa,0.35561,2016
186,Uruguay,1.0314299999999998,0.54388,1.18157,0.18056,29,6.545,0.72183,Latin America and Caribbean,0.21394000000000002,2016
187,Malta,1.09879,0.54994,1.30782,0.56237,30,6.4879999999999995,0.80315,Western Europe,0.17554,2016
188,Colombia,1.02169,0.44735,1.0303200000000001,0.15625999999999998,31,6.481,0.59659,Latin America and Caribbean,0.053989999999999996,2016
189,France,1.00508,0.46562,1.39488,0.1216,32,6.478,0.83795,Western Europe,0.17808,2016
190,Thailand,1.04477,0.49553,1.0893,0.58696,33,6.474,0.64915,Southeastern Asia,0.02833,2016
191,Saudi Arabia,0.84829,0.37904,1.48953,0.15457,34,6.379,0.59267,Middle East and Northern Africa,0.30008,2016
192,Taiwan,0.92624,0.32377,1.39729,0.25495,34,6.379,0.79565,Eastern Asia,0.0663,2016
193,Qatar,0.87964,0.56679,1.82427,0.32388,36,6.375,0.71723,Middle East and Northern Africa,0.48049,2016
194,Spain,1.12945,0.37545,1.34253,0.17665,37,6.361000000000001,0.8789600000000001,Western Europe,0.06137000000000001,2016
195,Algeria,0.83309,0.21006,1.05266,0.07044,38,6.355,0.6180399999999999,Middle East and Northern Africa,0.16157,2016
196,Guatemala,0.8711899999999999,0.50379,0.83454,0.28808,39,6.324,0.5403899999999999,Latin America and Caribbean,0.08701,2016
197,Suriname,0.77866,0.5223399999999999,1.09686,0.16665,40,6.269,0.5093300000000001,Latin America and Caribbean,0.12692,2016
198,Kuwait,0.8775799999999999,0.43166000000000004,1.61714,0.15965,41,6.239,0.63569,Middle East and Northern Africa,0.23669,2016
199,Bahrain,0.9439700000000001,0.47375,1.44024,0.17147,42,6.218,0.65696,Middle East and Northern Africa,0.25772,2016
200,Trinidad and Tobago,0.98569,0.48453,1.32572,0.31935,43,6.167999999999999,0.52608,Latin America and Caribbean,0.01241,2016
201,Venezuela,1.03302,0.19847,1.1336700000000002,0.0425,44,6.084,0.6190399999999999,Latin America and Caribbean,0.08304,2016
202,Slovakia,1.0826799999999999,0.23390999999999998,1.27973,0.13837,45,6.077999999999999,0.70367,Central and Eastern Europe,0.02947,2016
203,El Salvador,0.80975,0.37269,0.8737,0.08877,46,6.068,0.596,Latin America and Caribbean,0.10613,2016
204,Malaysia,0.88025,0.39031,1.25142,0.41473999999999994,47,6.005,0.62366,Southeastern Asia,0.09081,2016
205,Nicaragua,0.8952100000000001,0.46581999999999996,0.69384,0.29773,48,5.992000000000001,0.65213,Latin America and Caribbean,0.16292,2016
206,Uzbekistan,1.1681,0.60848,0.7359100000000001,0.34326,49,5.987,0.50163,Central and Eastern Europe,0.28333,2016
207,Italy,1.04167,0.18827,1.35495,0.16684000000000002,50,5.977,0.8510200000000001,Western Europe,0.02556,2016
208,Ecuador,0.85974,0.4027,0.97306,0.10074,51,5.976,0.68613,Latin America and Caribbean,0.18037,2016
209,Belize,0.68655,0.51231,0.87616,0.23684000000000002,52,5.956,0.45569,Latin America and Caribbean,0.10770999999999999,2016
210,Japan,1.06054,0.46761,1.3800700000000001,0.10224,53,5.921,0.91491,Eastern Asia,0.18985,2016
211,Kazakhstan,0.95544,0.4052,1.22943,0.15011,54,5.919,0.57386,Central and Eastern Europe,0.11132,2016
212,Moldova,0.8313200000000001,0.25201999999999997,0.69177,0.19997,55,5.897,0.5230899999999999,Central and Eastern Europe,0.019030000000000002,2016
213,Russia,1.05261,0.32682,1.2322799999999998,0.027360000000000002,56,5.856,0.58991,Central and Eastern Europe,0.03586,2016
214,Poland,1.04685,0.4519,1.24585,0.14443,57,5.835,0.69058,Central and Eastern Europe,0.055,2016
215,South Korea,0.7219399999999999,0.25168,1.35948,0.18824000000000002,57,5.835,0.88645,Eastern Asia,0.07716,2016
216,Bolivia,0.8377899999999999,0.50961,0.79422,0.21698,59,5.822,0.4697,Latin America and Caribbean,0.07746,2016
217,Lithuania,1.0641100000000001,0.18929,1.2692,0.02025,60,5.813,0.64674,Central and Eastern Europe,0.0182,2016
218,Belarus,1.04993,0.29091,1.1306200000000002,0.13942000000000002,61,5.8020000000000005,0.6310399999999999,Central and Eastern Europe,0.17457,2016
219,North Cyprus,0.81826,0.43596,1.31141,0.26322,62,5.771,0.8414200000000001,Western Europe,0.16577999999999998,2016
220,Slovenia,1.05613,0.53164,1.2994700000000001,0.25738,63,5.768,0.79151,Central and Eastern Europe,0.03635,2016
221,Peru,0.81255,0.37501999999999996,0.9960200000000001,0.14527,64,5.742999999999999,0.6299399999999999,Latin America and Caribbean,0.05292,2016
222,Turkmenistan,1.03817,0.37408,1.08017,0.22566999999999998,65,5.6579999999999995,0.44006000000000006,Central and Eastern Europe,0.28467,2016
223,Mauritius,0.75695,0.46145,1.14372,0.36951,66,5.648,0.66189,Sub-Saharan Africa,0.05202999999999999,2016
224,Libya,0.95076,0.40671999999999997,1.0668799999999998,0.17087,67,5.615,0.52304,Middle East and Northern Africa,0.10339000000000001,2016
225,Latvia,0.95025,0.27996,1.2178799999999999,0.17445,68,5.56,0.63952,Central and Eastern Europe,0.0889,2016
226,Cyprus,0.70697,0.29507,1.31857,0.27906,69,5.546,0.8488,Western Europe,0.05227999999999999,2016
227,Paraguay,1.11111,0.46235,0.8937299999999999,0.25296,70,5.537999999999999,0.58295,Latin America and Caribbean,0.07396,2016
228,Romania,0.7280300000000001,0.36712,1.1697,0.12889,71,5.528,0.67602,Central and Eastern Europe,0.006790000000000001,2016
229,Estonia,1.0516299999999998,0.41511000000000003,1.2796399999999999,0.08423,72,5.517,0.68098,Central and Eastern Europe,0.18519000000000002,2016
230,Jamaica,0.96372,0.43596999999999997,0.89333,0.22245,73,5.51,0.5946899999999999,Latin America and Caribbean,0.04294,2016
231,Croatia,0.6080899999999999,0.23906999999999998,1.18649,0.18434,74,5.4879999999999995,0.70524,Central and Eastern Europe,0.04002,2016
232,Hong Kong,0.87021,0.48078999999999994,1.5107,0.40097,75,5.457999999999999,0.9527700000000001,Eastern Asia,0.31647,2016
233,Somalia,0.33613000000000004,0.5677800000000001,0.0,0.27225,76,5.44,0.11465999999999998,Sub-Saharan Africa,0.3118,2016
234,Kosovo,0.66062,0.14396,0.90145,0.27992,77,5.401,0.54,Central and Eastern Europe,0.06547,2016
235,Turkey,0.8771700000000001,0.23889000000000002,1.1649200000000002,0.04707,78,5.388999999999999,0.64718,Middle East and Northern Africa,0.12347999999999999,2016
236,Indonesia,0.87625,0.39237,0.95104,0.56521,79,5.314,0.49373999999999996,Southeastern Asia,0.00322,2016
237,Jordan,0.86216,0.36023,0.9967299999999999,0.14262,80,5.303,0.60712,Middle East and Northern Africa,0.13297,2016
238,Azerbaijan,0.76042,0.35327,1.12373,0.0564,81,5.291,0.54504,Central and Eastern Europe,0.17914000000000002,2016
239,Philippines,0.87877,0.5485399999999999,0.81217,0.21674000000000002,82,5.279,0.47036000000000006,Southeastern Asia,0.11757000000000001,2016
240,China,0.79381,0.44011999999999996,1.0278,0.049589999999999995,83,5.245,0.73561,Eastern Asia,0.02745,2016
241,Bhutan,0.9083600000000001,0.46074,0.8527,0.48546000000000006,84,5.196000000000001,0.49759,Southern Asia,0.1616,2016
242,Kyrgyzstan,0.95434,0.40212,0.5604399999999999,0.38432,85,5.185,0.5544899999999999,Central and Eastern Europe,0.047619999999999996,2016
243,Serbia,0.81329,0.15718,1.03437,0.20736999999999997,86,5.1770000000000005,0.6458,Central and Eastern Europe,0.04339,2016
244,Bosnia and Herzegovina,0.64367,0.09511,0.9338299999999999,0.29889,87,5.162999999999999,0.7076600000000001,Central and Eastern Europe,0.0,2016
245,Montenegro,0.74173,0.15111,1.07838,0.17190999999999998,88,5.1610000000000005,0.6353300000000001,Central and Eastern Europe,0.12721,2016
246,Dominican Republic,0.9949600000000001,0.52259,1.02787,0.21286,89,5.155,0.5766899999999999,Latin America and Caribbean,0.12372000000000001,2016
247,Morocco,0.38595,0.25645999999999997,0.8405799999999999,0.040530000000000004,90,5.151,0.5947100000000001,Middle East and Northern Africa,0.08404,2016
248,Hungary,0.9316399999999999,0.1977,1.24142,0.099,91,5.145,0.67608,Central and Eastern Europe,0.044719999999999996,2016
249,Pakistan,0.26135,0.14622000000000002,0.68816,0.31185,92,5.132000000000001,0.40306,Southern Asia,0.1388,2016
250,Lebanon,0.64184,0.26228,1.12268,0.23693000000000003,93,5.129,0.76171,Middle East and Northern Africa,0.030610000000000002,2016
251,Portugal,0.9436700000000001,0.44727,1.27607,0.11690999999999999,94,5.122999999999999,0.7936300000000001,Western Europe,0.01521,2016
252,Macedonia,0.78236,0.27668000000000004,1.0193,0.23506999999999997,95,5.121,0.6473800000000001,Central and Eastern Europe,0.07047,2016
253,Vietnam,0.7911699999999999,0.5595399999999999,0.74037,0.25075,96,5.061,0.66157,Southeastern Asia,0.11556,2016
254,Somaliland Region,0.75862,0.3913,0.25558000000000003,0.51479,97,5.0569999999999995,0.33108000000000004,Sub-Saharan Africa,0.36794,2016
255,Tunisia,0.43165,0.23553000000000002,0.97724,0.03936,98,5.045,0.59577,Middle East and Northern Africa,0.0817,2016
256,Greece,0.75473,0.05822000000000001,1.24886,0.0,99,5.033,0.80029,Western Europe,0.04127,2016
257,Tajikistan,0.75602,0.43408,0.48835,0.25998000000000004,100,4.996,0.5311899999999999,Central and Eastern Europe,0.13509000000000002,2016
258,Mongolia,1.0898299999999999,0.35972,0.9885299999999999,0.34539000000000003,101,4.907,0.55469,Eastern Asia,0.03285,2016
259,Laos,0.5497,0.52168,0.68042,0.43078999999999995,102,4.876,0.38291,Southeastern Asia,0.22423,2016
260,Nigeria,0.64498,0.27854,0.75216,0.23219,103,4.875,0.05108,Sub-Saharan Africa,0.0305,2016
261,Honduras,0.7559600000000001,0.26755,0.69429,0.2044,104,4.871,0.5838300000000001,Latin America and Caribbean,0.06906,2016
262,Iran,0.38856999999999997,0.22544,1.11758,0.38538,105,4.813,0.64232,Middle East and Northern Africa,0.0557,2016
263,Zambia,0.6376,0.42662,0.61202,0.17865999999999999,106,4.795,0.23573000000000002,Sub-Saharan Africa,0.11479,2016
264,Nepal,0.69699,0.37012,0.44626000000000005,0.3816,107,4.793,0.50073,Southern Asia,0.07007999999999999,2016
265,Palestinian Territories,0.71629,0.17744000000000001,0.67024,0.11154000000000001,108,4.754,0.56844,Middle East and Northern Africa,0.10613,2016
266,Albania,0.50163,0.31866,0.9553,0.1684,109,4.655,0.73007,Central and Eastern Europe,0.05301,2016
267,Bangladesh,0.24749000000000002,0.39778,0.54177,0.19132000000000002,110,4.643,0.52989,Southern Asia,0.12583,2016
268,Sierra Leone,0.628,0.30685,0.36485,0.23897,111,4.635,0.0,Sub-Saharan Africa,0.08196,2016
269,Iraq,0.59205,0.24856,1.07474,0.19589,112,4.575,0.51076,Middle East and Northern Africa,0.13635999999999998,2016
270,Namibia,0.70362,0.48613999999999996,0.9328700000000001,0.07795,113,4.574,0.34745,Sub-Saharan Africa,0.10397999999999999,2016
271,Cameroon,0.62542,0.42736,0.5249699999999999,0.2268,114,4.513,0.12697999999999998,Sub-Saharan Africa,0.06126,2016
272,Ethiopia,0.37932,0.36703,0.29283000000000003,0.29522,115,4.508,0.34578000000000003,Sub-Saharan Africa,0.1717,2016
273,South Africa,0.9605299999999999,0.42483000000000004,1.02416,0.13656,116,4.459,0.18611,Sub-Saharan Africa,0.08415,2016
274,Sri Lanka,0.84783,0.50817,0.9731799999999999,0.46978000000000003,117,4.415,0.62007,Southern Asia,0.07964,2016
275,India,0.29247,0.40285,0.74036,0.25028,118,4.404,0.45091000000000003,Southern Asia,0.08722,2016
276,Myanmar,0.69981,0.42691999999999997,0.34112,0.81971,119,4.395,0.3988,Southeastern Asia,0.20243,2016
277,Egypt,0.49813,0.18847,0.95395,0.12705999999999998,120,4.362,0.5211600000000001,Middle East and Northern Africa,0.10393,2016
278,Armenia,0.6247699999999999,0.14037,0.8608600000000001,0.07793,121,4.36,0.64083,Central and Eastern Europe,0.036160000000000005,2016
279,Kenya,0.7624,0.40576,0.52267,0.41328000000000004,122,4.356,0.30146999999999996,Sub-Saharan Africa,0.06686,2016
280,Ukraine,1.01413,0.12859,0.87287,0.20363,123,4.324,0.58628,Central and Eastern Europe,0.01829,2016
281,Ghana,0.49353,0.40973000000000004,0.63107,0.21203000000000002,124,4.276,0.29681,Sub-Saharan Africa,0.0326,2016
282,Congo (Kinshasa),0.80676,0.15602,0.05661,0.25458000000000003,125,4.272,0.188,Sub-Saharan Africa,0.06075,2016
283,Georgia,0.19249000000000002,0.32461,0.8379200000000001,0.06786,126,4.252,0.64035,Central and Eastern Europe,0.3188,2016
284,Congo (Brazzaville),0.47798999999999997,0.37938,0.7710899999999999,0.12077,127,4.236000000000001,0.28212,Sub-Saharan Africa,0.09752999999999999,2016
285,Senegal,0.7741600000000001,0.31056,0.44314,0.19103,128,4.218999999999999,0.40457,Sub-Saharan Africa,0.11681,2016
286,Bulgaria,0.92542,0.21219000000000002,1.11306,0.12793,129,4.217,0.67806,Central and Eastern Europe,0.00615,2016
287,Mauritania,0.8414200000000001,0.1268,0.6139100000000001,0.22685999999999998,130,4.2010000000000005,0.28639000000000003,Sub-Saharan Africa,0.17955,2016
288,Zimbabwe,0.71478,0.25429,0.35041,0.18503,131,4.1930000000000005,0.1595,Sub-Saharan Africa,0.08582000000000001,2016
289,Malawi,0.147,0.4143,0.08709,0.30968,132,4.156000000000001,0.29364,Sub-Saharan Africa,0.07564,2016
290,Sudan,0.8192799999999999,0.0,0.63069,0.18077000000000001,133,4.138999999999999,0.29759,Sub-Saharan Africa,0.10039,2016
291,Gabon,0.72368,0.28098,1.15851,0.062439999999999996,134,4.121,0.3494,Sub-Saharan Africa,0.09314,2016
292,Mali,0.8633299999999999,0.27544,0.31292,0.21064000000000002,135,4.073,0.16347,Sub-Saharan Africa,0.13647,2016
293,Haiti,0.29561,0.12072000000000001,0.34097,0.47958,136,4.0280000000000005,0.27494,Latin America and Caribbean,0.14476,2016
294,Botswana,0.89186,0.44088999999999995,1.09426,0.12425,137,3.9739999999999998,0.34752,Sub-Saharan Africa,0.10769000000000001,2016
295,Comoros,0.60323,0.15412,0.27509,0.1827,138,3.9560000000000004,0.29980999999999997,Sub-Saharan Africa,0.18437,2016
296,Ivory Coast,0.57576,0.40663,0.55507,0.20338,139,3.9160000000000004,0.04476,Sub-Saharan Africa,0.1553,2016
297,Cambodia,0.5375,0.5885199999999999,0.55604,0.40339,140,3.907,0.42494,Southeastern Asia,0.08092,2016
298,Angola,0.66366,0.00589,0.84731,0.12070999999999998,141,3.866,0.04991,Sub-Saharan Africa,0.08434,2016
299,Niger,0.6053,0.38040999999999997,0.1327,0.2097,142,3.8560000000000003,0.26161999999999996,Sub-Saharan Africa,0.17176,2016
300,South Sudan,0.18519000000000002,0.19662000000000002,0.39394,0.25899,143,3.832,0.15780999999999998,Sub-Saharan Africa,0.13015,2016
301,Chad,0.63178,0.12807000000000002,0.42213999999999996,0.18667,144,3.763,0.038239999999999996,Sub-Saharan Africa,0.04952,2016
302,Burkina Faso,0.63054,0.3337,0.31995,0.24353000000000002,145,3.739,0.21297,Sub-Saharan Africa,0.12533,2016
303,Uganda,0.90981,0.43653000000000003,0.34719,0.27102,145,3.739,0.19625,Sub-Saharan Africa,0.06442,2016
304,Yemen,0.47493,0.2287,0.57939,0.09821,147,3.7239999999999998,0.31048000000000003,Middle East and Northern Africa,0.05892000000000001,2016
305,Madagascar,0.46115,0.13684000000000002,0.27954,0.2204,148,3.695,0.37109000000000003,Sub-Saharan Africa,0.07506,2016
306,Tanzania,0.77623,0.3176,0.47155,0.31472,149,3.6660000000000004,0.35700000000000004,Sub-Saharan Africa,0.05099,2016
307,Liberia,0.50353,0.25748000000000004,0.10705999999999999,0.24063,150,3.622,0.23165,Sub-Saharan Africa,0.04852,2016
308,Guinea,0.3109,0.30953,0.22415,0.29914,151,3.6069999999999998,0.18829,Sub-Saharan Africa,0.1192,2016
309,Rwanda,0.6158600000000001,0.5432,0.32846,0.23551999999999998,152,3.515,0.31865,Sub-Saharan Africa,0.50521,2016
310,Benin,0.10419,0.39747,0.39499,0.2018,153,3.484,0.21028000000000002,Sub-Saharan Africa,0.06681000000000001,2016
311,Afghanistan,0.11037000000000001,0.1643,0.38227,0.31268,154,3.36,0.17344,Southern Asia,0.07112,2016
312,Togo,0.0,0.34678000000000003,0.28123000000000004,0.17517,155,3.303,0.24811,Sub-Saharan Africa,0.11587,2016
313,Syria,0.14866,0.06912,0.7471899999999999,0.48396999999999996,156,3.069,0.6299399999999999,Middle East and Northern Africa,0.17232999999999998,2016
314,Burundi,0.23442,0.0432,0.06831,0.2029,157,2.905,0.15747,Sub-Saharan Africa,0.09419,2016
315,Norway,1.53352356,0.635422587,1.616463184,0.362012237,1,7.537000179,0.796666503,,0.315963835,2017
316,Denmark,1.5511215930000002,0.6260067220000001,1.4823830130000002,0.355280489,2,7.521999836,0.792565525,,0.400770068,2017
317,Iceland,1.6105740069999999,0.627162635,1.48063302,0.47554022100000004,3,7.504000187000001,0.8335521220000001,,0.153526559,2017
318,Switzerland,1.516911745,0.620070577,1.5649795530000001,0.290549278,4,7.493999958,0.858131289,,0.367007285,2017
319,Finland,1.540246725,0.6179508570000001,1.443571925,0.24548277300000002,5,7.468999863,0.80915767,,0.38261154299999994,2017
320,Netherlands,1.4289392230000002,0.585384488,1.503944635,0.47048983,6,7.376999855,0.810696125,,0.282661825,2017
321,Canada,1.481348991,0.611100912,1.479204416,0.435539722,7,7.315999985,0.834557652,,0.287371516,2017
322,New Zealand,1.548195124,0.61406213,1.405706048,0.500005126,8,7.31400013,0.8167597059999999,,0.382816702,2017
323,Sweden,1.478162169,0.612924099,1.494387269,0.385399252,9,7.28399992,0.830875158,,0.384398729,2017
324,Australia,1.510041952,0.6016073820000001,1.484414935,0.47769925,10,7.28399992,0.843886793,,0.30118373,2017
325,Israel,1.3762899640000001,0.405988604,1.375382423,0.330082655,11,7.212999821,0.838404,,0.0852421,2017
326,Costa Rica,1.416403651,0.58013165,1.109706283,0.214613229,12,7.078999996,0.759509265,,0.10010658900000001,2017
327,Austria,1.459944963,0.56776619,1.4870972630000001,0.316472322,13,7.006000042,0.8153284190000001,,0.221060365,2017
328,United States,1.419920564,0.5057405229999999,1.546259284,0.392578781,14,6.993000031,0.7742866279999999,,0.135638788,2017
329,Ireland,1.558231115,0.573110342,1.535706639,0.427858323,15,6.977000237,0.809782624,,0.298388153,2017
330,Germany,1.472520351,0.562511384,1.4879233840000001,0.33626917,16,6.951000214,0.798950732,,0.276731938,2017
331,Belgium,1.462312698,0.539770722,1.463780761,0.231503338,17,6.890999794,0.8180918690000001,,0.251343131,2017
332,Luxembourg,1.457583666,0.596627891,1.7419435980000002,0.28318098199999997,18,6.862999916000001,0.845089495,,0.318834424,2017
333,United Kingdom,1.49646008,0.508190036,1.44163394,0.492774159,19,6.714000225,0.8053359390000001,,0.265428066,2017
334,Chile,1.2840249540000002,0.37689527899999997,1.25278461,0.32666242100000004,20,6.65199995,0.819479704,,0.082287982,2017
335,United Arab Emirates,1.2664102320000001,0.60834527,1.626343369,0.36094194700000004,21,6.647999763,0.7267982359999999,,0.324489564,2017
336,Brazil,1.431306005,0.437453747,1.10735321,0.162349895,22,6.635000229,0.616552353,,0.111092761,2017
337,Czech Republic,1.4338852169999998,0.49094617399999996,1.352682352,0.088106759,23,6.609000206,0.7544440029999999,,0.036872927,2017
338,Argentina,1.440451145,0.494519204,1.1852954629999999,0.109457061,24,6.598999977,0.6951370840000001,,0.059739888,2017
339,Mexico,1.21086216,0.412730008,1.153183818,0.12099043300000001,25,6.578000069,0.709978998,,0.132774115,2017
340,Singapore,1.3538143630000001,0.549840569,1.69227767,0.34596598100000003,26,6.5720000270000005,0.949492395,,0.464307785,2017
341,Malta,1.488411665,0.588767052,1.343279839,0.574730575,27,6.52699995,0.8219442370000001,,0.153066069,2017
342,Uruguay,1.412227869,0.5793922539999999,1.217559695,0.17509692899999998,28,6.453999996,0.7192168240000001,,0.178061873,2017
343,Guatemala,1.255585194,0.531310618,0.8720019459999999,0.283488393,29,6.453999996,0.54023999,,0.077223279,2017
344,Panama,1.373192549,0.550026834,1.233748436,0.210556939,30,6.452000141,0.706156135,,0.070983924,2017
345,France,1.3877768519999998,0.470222116,1.430923462,0.129762307,31,6.441999912000001,0.844465852,,0.172502428,2017
346,Thailand,1.425792456,0.580200732,1.127868772,0.57212311,32,6.423999786,0.647239029,,0.031612735,2017
347,Taiwan Province of China,1.3845653530000002,0.361466587,1.4336265330000002,0.258360475,33,6.421999931,0.7939842340000001,,0.063829236,2017
348,Spain,1.532090902,0.40878123,1.384397864,0.190133572,34,6.402999877999999,0.8889606,,0.070914097,2017
349,Qatar,1.27429688,0.604130983,1.870765686,0.33047387,35,6.375,0.710098088,,0.439299256,2017
350,Colombia,1.4021829369999999,0.477487415,1.070622325,0.149014473,36,6.3569998739999996,0.5950279239999999,,0.046668742,2017
351,Saudi Arabia,1.2866775990000001,0.449750572,1.530623555,0.14761601400000002,37,6.343999863,0.59014833,,0.273432255,2017
352,Trinidad and Tobago,1.380228519,0.518630743,1.361355901,0.325296462,38,6.168000221000001,0.519983292,,0.008964816,2017
353,Kuwait,1.259698749,0.49633759299999997,1.6329524519999998,0.22828979800000002,39,6.105000018999999,0.632105708,,0.21515955,2017
354,Slovakia,1.505059242,0.295817465,1.325393558,0.136544481,40,6.09800005,0.7127329109999999,,0.024210852,2017
355,Bahrain,1.323110461,0.5367469189999999,1.488412261,0.17266848699999998,41,6.086999893,0.653133035,,0.25704217,2017
356,Malaysia,1.284646034,0.40226498200000005,1.29121542,0.41660893,42,6.084000111,0.618784428,,0.065600708,2017
357,Nicaragua,1.28721571,0.447551847,0.737299204,0.30167421699999997,43,6.071000099,0.653095961,,0.13068798199999998,2017
358,Ecuador,1.286168814,0.45519819899999997,1.0008203979999999,0.150112465,44,6.007999897,0.6856362220000001,,0.140134647,2017
359,El Salvador,1.182125092,0.43245253,0.9097844959999999,0.078257985,45,6.002999783,0.596018553,,0.08998096,2017
360,Poland,1.44571197,0.520342112,1.291787863,0.15846596699999999,46,5.97300005,0.699475348,,0.059307806,2017
361,Uzbekistan,1.54896915,0.658248663,0.786441088,0.415983647,47,5.971000195,0.498272628,,0.24652822300000002,2017
362,Italy,1.444923282,0.256450713,1.395066619,0.17278964800000002,48,5.964000225,0.8531443479999999,,0.028028091,2017
363,Russia,1.469282389,0.37378311200000003,1.2817780970000001,0.052263822,49,5.962999821,0.547349334,,0.032962881,2017
364,Belize,1.081417799,0.547509372,0.9079753159999999,0.240015641,50,5.9559998510000005,0.450191766,,0.09658107199999999,2017
365,Japan,1.436337829,0.505625546,1.4169151780000002,0.12057276800000001,51,5.920000076,0.9134758709999999,,0.163760737,2017
366,Lithuania,1.4735161069999998,0.234231785,1.314582348,0.010164656999999999,52,5.90199995,0.62894994,,0.011865643,2017
367,Algeria,1.146217465,0.233335808,1.091864467,0.069436647,53,5.872000217,0.6175846460000001,,0.14609611,2017
368,Latvia,1.4047149419999998,0.325707912,1.260748625,0.153074786,54,5.849999905,0.638566971,,0.073842727,2017
369,South Korea,1.1282744409999999,0.257921666,1.4016784430000002,0.206674367,55,5.837999821,0.9002140759999999,,0.063282669,2017
370,Moldova,1.251825571,0.24072904899999997,0.72887063,0.208779126,56,5.837999821,0.589465201,,0.010091286,2017
371,Romania,1.15009129,0.45700374200000005,1.217683911,0.13351991800000002,57,5.8249998089999995,0.685158312,,0.004387901,2017
372,Bolivia,1.227619052,0.558732927,0.8337565659999999,0.225560725,58,5.822999954,0.47363025,,0.060477725999999996,2017
373,Turkmenistan,1.4931491609999998,0.418271929,1.130776763,0.24992498800000001,59,5.8220000270000005,0.43772608,,0.25927034,2017
374,Kazakhstan,1.384369016,0.43745428299999994,1.28455627,0.201964423,60,5.818999767,0.606041551,,0.11928288599999999,2017
375,North Cyprus,1.186303377,0.471203625,1.346911311,0.266845703,61,5.809999942999999,0.834647238,,0.155353352,2017
376,Slovenia,1.452518821,0.572575808,1.341205955,0.242649093,62,5.757999897,0.790828228,,0.04512897900000001,2017
377,Peru,1.218770385,0.45000287899999997,1.0352252720000001,0.126819715,63,5.715000152999999,0.6301661129999999,,0.047049087,2017
378,Mauritius,1.20956099,0.49124732600000004,1.189395547,0.360933751,64,5.629000187000001,0.638007462,,0.042181555,2017
379,Cyprus,1.131363273,0.355111539,1.3559380769999998,0.27125430100000003,65,5.620999812999999,0.8447147009999999,,0.041237976,2017
380,Estonia,1.4766711000000001,0.47913143,1.32087934,0.098890811,66,5.611000061,0.695168316,,0.18324892199999998,2017
381,Belarus,1.444945216,0.29540026199999997,1.15655756,0.155137509,67,5.568999767,0.637714267,,0.156313822,2017
382,Libya,1.35756433,0.46573323,1.101803064,0.152073666,68,5.525000095,0.52016902,,0.09261021,2017
383,Turkey,1.337753177,0.30074059999999997,1.1982743740000001,0.046693042000000004,69,5.5,0.637605608,,0.09967158,2017
384,Paraguay,1.50728488,0.47350779200000004,0.932537317,0.224150658,70,5.493000031,0.579250693,,0.09106591300000001,2017
385,"Hong Kong S.A.R., China",1.2627909179999999,0.490968645,1.551674843,0.374465793,71,5.472000122000001,0.943062425,,0.29393374899999997,2017
386,Philippines,1.253917575,0.5852146739999999,0.857699215,0.19351342300000002,72,5.429999828,0.468009055,,0.099331893,2017
387,Serbia,1.258189797,0.208715528,1.069317579,0.220125884,73,5.394999981000001,0.650784671,,0.040903781,2017
388,Jordan,1.239088893,0.418421149,0.9910123940000001,0.17217046,74,5.335999966,0.604590058,,0.11980327199999999,2017
389,Hungary,1.343133092,0.175863519,1.286011934,0.078401662,75,5.323999882,0.687763453,,0.036636937,2017
390,Jamaica,1.3682180640000001,0.474307239,0.9255793090000001,0.233818337,76,5.31099987,0.641022384,,0.055267780999999995,2017
391,Croatia,0.9679830070000001,0.255772293,1.222556233,0.248002976,77,5.293000221000001,0.7012885209999999,,0.04310311,2017
392,Kosovo,1.1378535029999999,0.260287941,0.9514843820000001,0.319931448,78,5.278999805,0.54145205,,0.057471617999999995,2017
393,China,1.160837412,0.472787708,1.0811657909999999,0.028806841,79,5.2729997630000005,0.741415501,,0.022794275,2017
394,Pakistan,0.67269069,0.23521526199999998,0.7268835309999999,0.31544601899999997,80,5.269000053,0.402047783,,0.12434806699999999,2017
395,Indonesia,1.274444699,0.443323463,0.995538592,0.6117045879999999,81,5.262000083999999,0.492345721,,0.015317135,2017
396,Venezuela,1.431337595,0.153997123,1.128431201,0.06501963,82,5.25,0.617144227,,0.064491123,2017
397,Montenegro,1.238376498,0.194989055,1.121129036,0.197911024,83,5.236999989,0.667464674,,0.088174194,2017
398,Morocco,0.774864435,0.408158332,0.878114581,0.032209955,84,5.235000134,0.597710669,,0.08776318300000001,2017
399,Azerbaijan,1.152400255,0.398155838,1.153601766,0.04526934,85,5.234000206,0.540775776,,0.180987507,2017
400,Dominican Republic,1.402416706,0.552589834,1.0793738370000001,0.18696785,86,5.230000018999999,0.574873745,,0.11394525300000001,2017
401,Greece,1.239414573,0.09573125099999999,1.2894874809999999,0.0,87,5.2270002369999995,0.810198903,,0.043289777,2017
402,Lebanon,1.129624248,0.288515985,1.0749875309999999,0.264450759,88,5.224999905,0.735081077,,0.03751383,2017
403,Portugal,1.3670430180000002,0.4984653,1.315175295,0.095102713,89,5.195000172,0.7958435420000001,,0.015869452,2017
404,Bosnia and Herzegovina,1.069335938,0.204403177,0.9824094179999999,0.328867495,90,5.18200016,0.7051863070000001,,0.0,2017
405,Honduras,1.143944979,0.34807986,0.730573118,0.236188874,91,5.181000233,0.58256948,,0.073345453,2017
406,Macedonia,1.2078930140000002,0.325905979,1.0645779370000001,0.253760964,92,5.1750001910000005,0.644948184,,0.060277794,2017
407,Somalia,0.721151352,0.602126956,0.022643184,0.291631311,93,5.151000023,0.11398913699999999,,0.282410324,2017
408,Vietnam,1.277491331,0.571055591,0.788547575,0.234968051,94,5.073999882,0.652168989,,0.08763323699999999,2017
409,Nigeria,1.215770483,0.394952565,0.783756256,0.23094719600000002,95,5.073999882,0.05691573,,0.026121566000000002,2017
410,Tajikistan,1.271463275,0.47156670700000003,0.524713635,0.248997644,96,5.040999889,0.529235125,,0.14637714599999999,2017
411,Bhutan,1.340126514,0.5015376810000001,0.8854163890000001,0.474054545,97,5.011000156000001,0.495879292,,0.17338039,2017
412,Kyrgyzstan,1.394238591,0.454943389,0.596220076,0.428580374,98,5.004000187,0.5534577970000001,,0.039439179,2017
413,Nepal,1.179283261,0.44030594799999995,0.47982019200000003,0.394096166,99,4.961999893,0.504130781,,0.072975546,2017
414,Mongolia,1.4930112359999999,0.394143969,1.0272358659999998,0.33846423,100,4.954999924,0.557783484,,0.032902289,2017
415,South Africa,1.3847886319999998,0.479246736,1.054698706,0.13936238,101,4.828999996,0.18708007,,0.072509497,2017
416,Tunisia,0.86835146,0.28968069,1.007265806,0.049693357,102,4.804999828,0.613212049,,0.086723149,2017
417,Palestinian Territories,1.1556471590000001,0.254711062,0.716249228,0.114173174,103,4.775000095,0.565666974,,0.08928260199999999,2017
418,Egypt,0.997471392,0.282110155,0.989701807,0.128631443,104,4.735000134,0.520187259,,0.114381365,2017
419,Bulgaria,1.4343794580000002,0.289231718,1.161459088,0.11317769400000001,105,4.714000225,0.70821768,,0.011051531000000002,2017
420,Sierra Leone,0.984136045,0.318697691,0.368420929,0.293040901,106,4.709000111,0.005564754,,0.071095176,2017
421,Cameroon,0.946018219,0.43038874899999996,0.564305365,0.236298457,107,4.695000172,0.132892117,,0.051306631,2017
422,Iran,0.7115512490000001,0.249322608,1.156873107,0.38724291299999997,108,4.691999912,0.639333189,,0.048761072999999995,2017
423,Albania,0.803685248,0.381498635,0.996192753,0.201312944,109,4.644000053,0.7311597470000001,,0.039864216,2017
424,Bangladesh,0.7351317409999999,0.47835665899999996,0.586682975,0.172255352,110,4.607999802,0.533241034,,0.123717859,2017
425,Namibia,1.098470807,0.520303547,0.9644343259999999,0.077133745,111,4.573999882,0.33861181100000004,,0.093146972,2017
426,Kenya,1.0679507259999999,0.452763766,0.560479462,0.444860309,112,4.552999973,0.30998835,,0.064641319,2017
427,Mozambique,0.870701015,0.48079109200000003,0.23430565,0.32222810399999996,113,4.5500001910000005,0.106654435,,0.179436386,2017
428,Myanmar,1.123235941,0.514492035,0.36711055,0.8380751609999999,114,4.545000076,0.397522569,,0.188816205,2017
429,Senegal,1.179691911,0.37792226700000003,0.47930902200000003,0.183468893,115,4.534999847,0.40936285299999997,,0.11546044800000001,2017
430,Zambia,1.0031872990000001,0.461603492,0.636406779,0.249580145,116,4.513999939,0.257835895,,0.07821355,2017
431,Iraq,0.978613198,0.28855553300000003,1.102710485,0.19963726399999998,117,4.497000217,0.50118047,,0.107215755,2017
432,Gabon,1.155620217,0.312328577,1.198210239,0.043785378,118,4.465000153,0.356578588,,0.076046787,2017
433,Ethiopia,0.864669204,0.40884274200000004,0.339233845,0.31265074,119,4.460000038,0.353409708,,0.165455714,2017
434,Sri Lanka,1.259976387,0.561213255,1.009850144,0.49086356200000003,120,4.440000057,0.6251308320000001,,0.073653966,2017
435,Armenia,1.0074837209999998,0.198303267,0.900596738,0.083488092,121,4.375999928,0.637524426,,0.026674422000000003,2017
436,India,0.754372597,0.469987005,0.7922212479999999,0.231538489,122,4.315000057,0.455427617,,0.092226885,2017
437,Mauritania,1.27203083,0.09609804300000001,0.648457289,0.20187002399999998,123,4.291999817,0.28534928,,0.136957005,2017
438,Congo (Brazzaville),0.832044363,0.435025871,0.808964252,0.120852128,124,4.290999889,0.28995743399999996,,0.07961813400000001,2017
439,Georgia,0.570614934,0.309410036,0.9506126640000001,0.054008815,125,4.285999775,0.649546981,,0.251666635,2017
440,Congo (Kinshasa),1.229023457,0.23596134800000002,0.092102349,0.246455833,126,4.28000021,0.191407025,,0.060241355999999996,2017
441,Mali,1.281473398,0.306613743,0.476180494,0.183354199,127,4.190000057,0.169365674,,0.10497024699999999,2017
442,Ivory Coast,0.90478003,0.447706193,0.603048921,0.20123747,128,4.179999828,0.04864217,,0.130061775,2017
443,Cambodia,1.006238341,0.633375823,0.601765096,0.385922968,129,4.168000221000001,0.429783404,,0.068105951,2017
444,Sudan,1.21400857,0.014995855,0.6595166920000001,0.18231745100000002,130,4.138999939,0.29092082399999997,,0.08984752,2017
445,Ghana,0.873664737,0.42302629399999997,0.6672248239999999,0.25692394399999996,131,4.1199998860000004,0.295637727,,0.02533637,2017
446,Ukraine,1.394537568,0.122974776,0.8946519490000001,0.270061463,132,4.096000195,0.575903952,,0.023029471,2017
447,Uganda,1.129827738,0.443185955,0.381430715,0.325766057,133,4.0809998510000005,0.217632607,,0.057069719000000005,2017
448,Burkina Faso,1.043280005,0.32436785100000004,0.35022771399999997,0.250864685,134,4.032000065,0.21584425899999998,,0.12032810599999999,2017
449,Niger,0.993025005,0.363658696,0.161925331,0.22867384600000001,135,4.027999878,0.268505007,,0.138572946,2017
450,Malawi,0.5125688310000001,0.466914654,0.23344203800000002,0.28717047,136,3.970000029,0.315089583,,0.072711654,2017
451,Chad,0.953855872,0.162342027,0.438012987,0.21611385,137,3.9360001089999996,0.041134715,,0.053581882000000004,2017
452,Zimbabwe,1.083095908,0.33638420700000005,0.375846535,0.189143494,138,3.875,0.19676375399999999,,0.095375381,2017
453,Lesotho,1.190095186,0.39066129899999996,0.5210212470000001,0.157497272,139,3.808000088,0.0,,0.11909464,2017
454,Angola,1.10441196,0.0,0.85842818,0.09792649,140,3.7950000760000004,0.049868666,,0.069720335,2017
455,Afghanistan,0.581543326,0.10617952,0.40147721799999997,0.311870933,141,3.79399991,0.180746779,,0.06115783,2017
456,Botswana,1.221554995,0.505196333,1.122094154,0.099348448,142,3.766000032,0.34175550899999996,,0.09858319900000001,2017
457,Benin,0.435299844,0.425962776,0.43108540799999995,0.207948461,143,3.657000065,0.209930211,,0.060929015,2017
458,Madagascar,0.9130203720000001,0.189196765,0.305808693,0.20873253,144,3.644000053,0.375223309,,0.067231975,2017
459,Haiti,0.640449822,0.030369857000000004,0.368610263,0.489203781,145,3.6029999260000003,0.27732113,,0.09987215,2017
460,Yemen,0.9353822470000001,0.249463722,0.5916834470000001,0.10412520900000001,146,3.592999935,0.31008091600000004,,0.056767423,2017
461,South Sudan,0.601323128,0.147062436,0.397248626,0.28567081699999997,147,3.59100008,0.163486004,,0.116793513,2017
462,Liberia,0.8721179370000001,0.332881182,0.119041793,0.266549885,148,3.5329999919999997,0.229918197,,0.038948249,2017
463,Guinea,0.791244686,0.34858751299999996,0.24454993,0.264815092,149,3.5069999689999998,0.19412913899999998,,0.110937618,2017
464,Togo,0.43188253,0.380426139,0.305444717,0.19689615100000002,150,3.4949998860000004,0.247105569,,0.095665015,2017
465,Rwanda,0.945707023,0.581843853,0.368745893,0.252756029,151,3.4709999560000004,0.326424807,,0.455220014,2017
466,Syria,0.39610260700000005,0.081539445,0.7771531340000001,0.49366372799999997,152,3.461999893,0.500533342,,0.151347131,2017
467,Tanzania,1.0419898029999999,0.390017778,0.511135876,0.35425636200000005,153,3.348999977,0.364509284,,0.066035107,2017
468,Burundi,0.629793584,0.059900753,0.091622569,0.204435185,154,2.904999971,0.151610792,,0.084147945,2017
469,Central African Republic,0.0,0.270842046,0.0,0.280876487,155,2.6930000780000003,0.018772686,,0.056565076,2017
470,Finland,,0.6809999999999999,1.305,0.20199999999999999,1,7.632000000000001,0.8740000000000001,,0.39299999999999996,2018
471,Norway,,0.6859999999999999,1.456,0.28600000000000003,2,7.593999999999999,0.861,,0.34,2018
472,Denmark,,0.6829999999999999,1.351,0.284,3,7.555,0.868,,0.408,2018
473,Iceland,,0.677,1.3430000000000002,0.353,4,7.495,0.914,,0.138,2018
474,Switzerland,,0.66,1.42,0.256,5,7.487,0.927,,0.35700000000000004,2018
475,Netherlands,,0.638,1.361,0.33299999999999996,6,7.441,0.878,,0.295,2018
476,Canada,,0.653,1.33,0.321,7,7.327999999999999,0.8959999999999999,,0.29100000000000004,2018
477,New Zealand,,0.669,1.268,0.365,8,7.324,0.8759999999999999,,0.389,2018
478,Sweden,,0.659,1.355,0.285,9,7.314,0.9129999999999999,,0.38299999999999995,2018
479,Australia,,0.647,1.34,0.361,10,7.272,0.91,,0.302,2018
480,United Kingdom,,0.46399999999999997,1.244,0.262,11,7.19,0.888,,0.08199999999999999,2018
481,Austria,,0.617,1.341,0.242,12,7.138999999999999,0.8909999999999999,,0.22399999999999998,2018
482,Costa Rica,,0.632,1.01,0.14300000000000002,13,7.072,0.8170000000000001,,0.10099999999999999,2018
483,Ireland,,0.614,1.4480000000000002,0.307,14,6.977,0.8759999999999999,,0.306,2018
484,Germany,,0.586,1.34,0.273,15,6.965,0.861,,0.28,2018
485,Belgium,,0.583,1.324,0.188,16,6.9270000000000005,0.894,,0.24,2018
486,Luxembourg,,0.632,1.5759999999999998,0.196,17,6.91,0.8959999999999999,,0.321,2018
487,United States,,0.547,1.3980000000000001,0.29100000000000004,18,6.886,0.8190000000000001,,0.133,2018
488,Israel,,0.5329999999999999,1.301,0.354,19,6.814,0.883,,0.272,2018
489,United Arab Emirates,,0.284,2.096,0.18600000000000003,20,6.774,0.67,,,2018
490,Czech Republic,,0.5429999999999999,1.2329999999999999,0.064,21,6.711,0.8540000000000001,,0.034,2018
491,Malta,,0.645,1.27,0.376,22,6.627000000000001,0.884,,0.142,2018
492,France,,0.52,1.2930000000000001,0.098,23,6.489,0.9079999999999999,,0.17600000000000002,2018
493,Mexico,,0.479,1.038,0.069,24,6.4879999999999995,0.7609999999999999,,0.095,2018
494,Chile,,0.431,1.131,0.19699999999999998,25,6.476,0.8079999999999999,,0.061,2018
495,Taiwan,,0.418,1.365,0.151,26,6.441,0.857,,0.078,2018
496,Panama,,0.597,1.112,0.125,27,6.43,0.759,,0.063,2018
497,Brazil,,0.493,0.986,0.11,28,6.419,0.675,,0.08800000000000001,2018
498,Argentina,,0.57,1.073,0.062,29,6.388,0.7440000000000001,,0.054000000000000006,2018
499,Guatemala,,0.604,0.7809999999999999,0.179,30,6.382000000000001,0.608,,0.071,2018
500,Uruguay,,0.625,1.093,0.13,31,6.379,0.7709999999999999,,0.155,2018
501,Qatar,,0.654,1.649,0.256,32,6.374,0.748,,0.171,2018
502,Saudi Arabia,,0.509,1.379,0.098,33,6.371,0.633,,0.127,2018
503,Singapore,,0.631,1.5290000000000001,0.261,34,6.343,1.008,,0.457,2018
504,Malaysia,,0.35600000000000004,1.161,0.311,35,6.322,0.669,,0.059000000000000004,2018
505,Spain,,0.449,1.251,0.142,36,6.31,0.965,,0.07400000000000001,2018
506,Colombia,,0.531,0.96,0.099,37,6.26,0.635,,0.039,2018
507,Trinidad & Tobago,,0.575,1.2229999999999999,0.171,38,6.192,0.564,,0.019,2018
508,Slovakia,,0.354,1.21,0.11800000000000001,39,6.172999999999999,0.7759999999999999,,0.013999999999999999,2018
509,El Salvador,,0.461,0.8059999999999999,0.065,40,6.167000000000001,0.639,,0.08199999999999999,2018
510,Nicaragua,,0.527,0.6679999999999999,0.20800000000000002,41,6.141,0.7,,0.128,2018
511,Poland,,0.546,1.176,0.10800000000000001,42,6.122999999999999,0.7809999999999999,,0.064,2018
512,Bahrain,,0.594,1.338,0.243,43,6.105,0.698,,0.12300000000000001,2018
513,Uzbekistan,,0.7240000000000001,0.7190000000000001,0.32799999999999996,44,6.096,0.605,,0.259,2018
514,Kuwait,,0.5539999999999999,1.474,0.16699999999999998,45,6.082999999999999,0.675,,0.106,2018
515,Thailand,,0.637,1.016,0.364,46,6.072,0.7070000000000001,,0.028999999999999998,2018
516,Italy,,0.281,1.264,0.13699999999999998,47,6.0,0.946,,0.027999999999999997,2018
517,Ecuador,,0.556,0.889,0.114,48,5.973,0.736,,0.12,2018
518,Belize,,0.593,0.807,0.183,49,5.956,0.474,,0.08900000000000001,2018
519,Lithuania,,0.35,1.197,0.026000000000000002,50,5.952000000000001,0.716,,0.006,2018
520,Slovenia,,0.633,1.219,0.16,51,5.9479999999999995,0.856,,0.051,2018
521,Romania,,0.528,1.1159999999999999,0.08800000000000001,52,5.945,0.726,,0.001,2018
522,Latvia,,0.363,1.148,0.092,53,5.933,0.6709999999999999,,0.066,2018
523,Japan,,0.5529999999999999,1.294,0.079,54,5.915,0.988,,0.15,2018
524,Mauritius,,0.584,1.09,0.245,55,5.891,0.684,,0.05,2018
525,Jamaica,,0.575,0.8190000000000001,0.096,56,5.89,0.693,,0.031,2018
526,South Korea,,0.244,1.266,0.175,57,5.875,0.955,,0.051,2018
527,Northern Cyprus,,0.495,1.229,0.179,58,5.835,0.909,,0.154,2018
528,Russia,,0.39899999999999997,1.151,0.065,59,5.81,0.599,,0.025,2018
529,Kazakhstan,,0.45399999999999996,1.143,0.14800000000000002,60,5.79,0.631,,0.121,2018
530,Cyprus,,0.423,1.229,0.20199999999999999,61,5.7620000000000005,0.909,,0.035,2018
531,Bolivia,,0.606,0.7509999999999999,0.141,62,5.752000000000001,0.508,,0.054000000000000006,2018
532,Estonia,,0.5529999999999999,1.2,0.086,63,5.739,0.737,,0.174,2018
533,Paraguay,,0.541,0.835,0.162,64,5.681,0.615,,0.07400000000000001,2018
534,Peru,,0.53,0.934,0.092,65,5.662999999999999,0.674,,0.034,2018
535,Kosovo,,0.44799999999999995,0.855,0.27399999999999997,66,5.662000000000001,0.578,,0.023,2018
536,Moldova,,0.23199999999999998,0.657,0.171,67,5.64,0.62,,0.0,2018
537,Turkmenistan,,0.41700000000000004,1.016,0.19899999999999998,68,5.636,0.517,,0.037000000000000005,2018
538,Hungary,,0.259,1.171,0.061,69,5.62,0.732,,0.022000000000000002,2018
539,Libya,,0.496,0.985,0.11599999999999999,70,5.566,0.5529999999999999,,0.14800000000000002,2018
540,Philippines,,0.643,0.775,0.12,71,5.524,0.513,,0.105,2018
541,Honduras,,0.45899999999999996,0.62,0.19699999999999998,72,5.504,0.622,,0.07400000000000001,2018
542,Belarus,,0.307,1.0390000000000001,0.10099999999999999,73,5.483,0.7,,0.154,2018
543,Turkey,,0.324,1.148,0.106,74,5.483,0.6859999999999999,,0.109,2018
544,Pakistan,,0.33399999999999996,0.652,0.21600000000000003,75,5.472,0.424,,0.113,2018
545,Hong Kong,,0.524,1.405,0.24600000000000002,76,5.43,1.03,,0.29100000000000004,2018
546,Portugal,,0.562,1.188,0.055,77,5.41,0.884,,0.017,2018
547,Serbia,,0.28800000000000003,0.975,0.134,78,5.398,0.685,,0.043,2018
548,Greece,,0.131,1.1540000000000001,0.0,79,5.358,0.879,,0.044000000000000004,2018
549,Lebanon,,0.503,0.965,0.214,80,5.358,0.785,,0.136,2018
550,Montenegro,,0.259,1.0170000000000001,0.111,81,5.347,0.7290000000000001,,0.081,2018
551,Croatia,,0.38,1.115,0.12,82,5.321000000000001,0.737,,0.039,2018
552,Dominican Republic,,0.578,0.982,0.12,83,5.3020000000000005,0.614,,0.106,2018
553,Algeria,,0.077,0.9790000000000001,0.055,84,5.295,0.687,,0.135,2018
554,Morocco,,0.46,0.779,0.026000000000000002,85,5.254,0.669,,0.07400000000000001,2018
555,China,,0.597,0.9890000000000001,0.028999999999999998,86,5.246,0.799,,0.10300000000000001,2018
556,Azerbaijan,,0.43,1.024,0.031,87,5.2010000000000005,0.603,,0.17600000000000002,2018
557,Tajikistan,,0.292,0.474,0.187,88,5.199,0.598,,0.034,2018
558,Macedonia,,0.39399999999999996,0.9590000000000001,0.17300000000000001,89,5.185,0.691,,0.052000000000000005,2018
559,Jordan,,0.46799999999999997,0.8220000000000001,0.13,90,5.1610000000000005,0.645,,0.134,2018
560,Nigeria,,0.462,0.6890000000000001,0.201,91,5.155,0.048,,0.032,2018
561,Kyrgyzstan,,0.54,0.53,0.281,92,5.131,0.594,,0.035,2018
562,Bosnia and Herzegovina,,0.28,0.915,0.21600000000000003,93,5.129,0.758,,0.0,2018
563,Mongolia,,0.395,0.914,0.253,94,5.125,0.575,,0.032,2018
564,Vietnam,,0.618,0.715,0.177,95,5.103,0.7020000000000001,,0.079,2018
565,Indonesia,,0.5379999999999999,0.899,0.484,96,5.093,0.522,,0.018000000000000002,2018
566,Bhutan,,0.541,0.7959999999999999,0.364,97,5.082,0.527,,0.171,2018
567,Somalia,,0.674,0.0,0.23800000000000002,98,4.982,0.115,,0.282,2018
568,Cameroon,,0.45399999999999996,0.535,0.183,99,4.975,0.182,,0.043,2018
569,Bulgaria,,0.359,1.054,0.064,100,4.933,0.7120000000000001,,0.009000000000000001,2018
570,Nepal,,0.526,0.425,0.302,101,4.88,0.539,,0.078,2018
571,Venezuela,,0.133,0.996,0.055999999999999994,102,4.806,0.657,,0.052000000000000005,2018
572,Gabon,,0.35600000000000004,1.036,0.032,103,4.758,0.40399999999999997,,0.052000000000000005,2018
573,Palestinian Territories,,0.266,0.642,0.086,104,4.743,0.602,,0.076,2018
574,South Africa,,0.516,0.94,0.10300000000000001,105,4.724,0.33,,0.055999999999999994,2018
575,Iran,,0.45899999999999996,1.0590000000000002,0.282,106,4.707,0.691,,0.129,2018
576,Ivory Coast,,0.467,0.541,0.146,107,4.671,0.08,,0.10300000000000001,2018
577,Ghana,,0.499,0.5920000000000001,0.212,108,4.657,0.337,,0.028999999999999998,2018
578,Senegal,,0.406,0.429,0.138,109,4.631,0.433,,0.08199999999999999,2018
579,Laos,,0.626,0.72,0.23,110,4.623,0.441,,0.174,2018
580,Tunisia,,0.271,0.9,0.04,111,4.592,0.69,,0.063,2018
581,Albania,,0.419,0.9159999999999999,0.149,112,4.586,0.79,,0.032,2018
582,Sierra Leone,,0.355,0.256,0.23800000000000002,113,4.571000000000001,0.0,,0.053,2018
583,Congo (Brazzaville),,0.514,0.682,0.091,114,4.559,0.34299999999999997,,0.077,2018
584,Bangladesh,,0.58,0.532,0.153,115,4.5,0.579,,0.14400000000000002,2018
585,Sri Lanka,,0.585,0.9179999999999999,0.307,116,4.471,0.672,,0.05,2018
586,Iraq,,0.304,1.01,0.14800000000000002,117,4.456,0.536,,0.095,2018
587,Mali,,0.36700000000000005,0.37,0.139,118,4.447,0.152,,0.055999999999999994,2018
588,Namibia,,0.519,0.8740000000000001,0.051,119,4.441,0.365,,0.064,2018
589,Cambodia,,0.696,0.5489999999999999,0.256,120,4.433,0.457,,0.065,2018
590,Burkina Faso,,0.312,0.314,0.175,121,4.4239999999999995,0.254,,0.128,2018
591,Egypt,,0.312,0.885,0.092,122,4.419,0.5529999999999999,,0.107,2018
592,Mozambique,,0.531,0.198,0.20600000000000002,123,4.417,0.17300000000000001,,0.158,2018
593,Kenya,,0.504,0.493,0.35200000000000004,124,4.41,0.45399999999999996,,0.055,2018
594,Zambia,,0.503,0.562,0.221,125,4.377,0.295,,0.08199999999999999,2018
595,Mauritania,,0.129,0.557,0.134,126,4.356,0.292,,0.09300000000000001,2018
596,Ethiopia,,0.452,0.308,0.22,127,4.35,0.391,,0.146,2018
597,Georgia,,0.375,0.853,0.038,128,4.34,0.643,,0.215,2018
598,Armenia,,0.26,0.816,0.077,129,4.321000000000001,0.6659999999999999,,0.027999999999999997,2018
599,Myanmar,,0.58,0.682,0.598,130,4.308,0.429,,0.17800000000000002,2018
600,Chad,,0.18899999999999997,0.358,0.18100000000000002,131,4.301,0.053,,0.06,2018
601,Congo (Kinshasa),,0.312,0.069,0.19699999999999998,132,4.245,0.204,,0.052000000000000005,2018
602,India,,0.539,0.721,0.172,133,4.19,0.485,,0.09300000000000001,2018
603,Niger,,0.39,0.131,0.175,134,4.166,0.221,,0.099,2018
604,Uganda,,0.45,0.322,0.259,135,4.1610000000000005,0.237,,0.061,2018
605,Benin,,0.44,0.37799999999999995,0.163,136,4.141,0.24,,0.067,2018
606,Sudan,,0.016,0.605,0.134,137,4.138999999999999,0.312,,0.08199999999999999,2018
607,Ukraine,,0.163,0.7929999999999999,0.187,138,4.103,0.609,,0.011000000000000001,2018
608,Togo,,0.434,0.259,0.158,139,3.9989999999999997,0.253,,0.10099999999999999,2018
609,Guinea,,0.39399999999999996,0.344,0.185,140,3.964,0.21100000000000002,,0.094,2018
610,Lesotho,,0.423,0.47200000000000003,0.11599999999999999,141,3.8080000000000003,0.079,,0.11199999999999999,2018
611,Angola,,0.0,0.73,0.079,142,3.795,0.26899999999999996,,0.061,2018
612,Madagascar,,0.221,0.262,0.155,143,3.7739999999999996,0.402,,0.049,2018
613,Zimbabwe,,0.406,0.35700000000000004,0.132,144,3.6919999999999997,0.248,,0.099,2018
614,Afghanistan,,0.085,0.332,0.191,145,3.6319999999999997,0.255,,0.036000000000000004,2018
615,Botswana,,0.557,1.0170000000000001,0.042,146,3.59,0.41700000000000004,,0.092,2018
616,Malawi,,0.531,0.18600000000000003,0.21,147,3.5869999999999997,0.306,,0.08,2018
617,Haiti,,0.025,0.315,0.392,148,3.582,0.289,,0.10400000000000001,2018
618,Liberia,,0.419,0.076,0.20600000000000002,149,3.495,0.267,,0.03,2018
619,Syria,,0.08800000000000001,0.6890000000000001,0.376,150,3.4619999999999997,0.539,,0.14400000000000002,2018
620,Rwanda,,0.636,0.332,0.2,151,3.408,0.4,,0.444,2018
621,Yemen,,0.244,0.442,0.083,152,3.355,0.34299999999999997,,0.064,2018
622,Tanzania,,0.48100000000000004,0.455,0.27,153,3.303,0.381,,0.09699999999999999,2018
623,South Sudan,,0.11199999999999999,0.337,0.22399999999999998,154,3.2539999999999996,0.177,,0.106,2018
624,Central African Republic,,0.305,0.024,0.218,155,3.083,0.01,,0.038,2018
625,Burundi,,0.065,0.091,0.149,156,2.905,0.145,,0.076,2018
626,Finland,,0.596,1.34,0.153,1,7.769,0.986,,0.39299999999999996,2019
627,Denmark,,0.5920000000000001,1.383,0.252,2,7.6,0.996,,0.41,2019
628,Norway,,0.603,1.4880000000000002,0.271,3,7.553999999999999,1.028,,0.341,2019
629,Iceland,,0.591,1.38,0.354,4,7.494,1.026,,0.11800000000000001,2019
630,Netherlands,,0.557,1.396,0.322,5,7.4879999999999995,0.9990000000000001,,0.298,2019
631,Switzerland,,0.5720000000000001,1.452,0.263,6,7.48,1.052,,0.34299999999999997,2019
632,Sweden,,0.574,1.3869999999999998,0.267,7,7.343,1.0090000000000001,,0.373,2019
633,New Zealand,,0.585,1.3030000000000002,0.33,8,7.307,1.026,,0.38,2019
634,Canada,,0.584,1.365,0.285,9,7.278,1.0390000000000001,,0.308,2019
635,Austria,,0.532,1.376,0.244,10,7.246,1.016,,0.226,2019
636,Australia,,0.557,1.3719999999999999,0.332,11,7.228,1.036,,0.29,2019
637,Costa Rica,,0.5579999999999999,1.034,0.14400000000000002,12,7.167000000000001,0.963,,0.09300000000000001,2019
638,Israel,,0.371,1.276,0.261,13,7.138999999999999,1.0290000000000001,,0.08199999999999999,2019
639,Luxembourg,,0.526,1.609,0.19399999999999998,14,7.09,1.012,,0.316,2019
640,United Kingdom,,0.45,1.3330000000000002,0.348,15,7.053999999999999,0.996,,0.278,2019
641,Ireland,,0.516,1.499,0.298,16,7.021,0.9990000000000001,,0.31,2019
642,Germany,,0.495,1.3730000000000002,0.261,17,6.985,0.987,,0.265,2019
643,Belgium,,0.473,1.3559999999999999,0.16,18,6.922999999999999,0.986,,0.21,2019
644,United States,,0.45399999999999996,1.433,0.28,19,6.892,0.8740000000000001,,0.128,2019
645,Czech Republic,,0.457,1.2690000000000001,0.046,20,6.852,0.92,,0.036000000000000004,2019
646,United Arab Emirates,,0.598,1.5030000000000001,0.262,21,6.825,0.825,,0.182,2019
647,Malta,,0.564,1.3,0.375,22,6.726,0.9990000000000001,,0.151,2019
648,Mexico,,0.433,1.07,0.07400000000000001,23,6.595,0.861,,0.073,2019
649,France,,0.436,1.324,0.111,24,6.5920000000000005,1.045,,0.183,2019
650,Taiwan,,0.35100000000000003,1.368,0.242,25,6.446000000000001,0.914,,0.09699999999999999,2019
651,Chile,,0.35700000000000004,1.159,0.187,26,6.444,0.92,,0.055999999999999994,2019
652,Guatemala,,0.535,0.8,0.175,27,6.436,0.746,,0.078,2019
653,Saudi Arabia,,0.439,1.403,0.08,28,6.375,0.795,,0.132,2019
654,Qatar,,0.555,1.6840000000000002,0.22,29,6.374,0.871,,0.16699999999999998,2019
655,Spain,,0.36200000000000004,1.286,0.153,30,6.354,1.062,,0.079,2019
656,Panama,,0.516,1.149,0.109,31,6.321000000000001,0.91,,0.054000000000000006,2019
657,Brazil,,0.39,1.004,0.099,32,6.3,0.802,,0.086,2019
658,Uruguay,,0.523,1.124,0.127,33,6.292999999999999,0.8909999999999999,,0.15,2019
659,Singapore,,0.556,1.5719999999999998,0.271,34,6.2620000000000005,1.141,,0.45299999999999996,2019
660,El Salvador,,0.43,0.794,0.09300000000000001,35,6.252999999999999,0.789,,0.07400000000000001,2019
661,Italy,,0.231,1.294,0.158,36,6.223,1.0390000000000001,,0.03,2019
662,Bahrain,,0.536,1.3619999999999999,0.255,37,6.199,0.871,,0.11,2019
663,Slovakia,,0.33399999999999996,1.246,0.121,38,6.1979999999999995,0.8809999999999999,,0.013999999999999999,2019
664,Trinidad & Tobago,,0.489,1.2309999999999999,0.185,39,6.192,0.713,,0.016,2019
665,Poland,,0.483,1.206,0.11699999999999999,40,6.182,0.884,,0.05,2019
666,Uzbekistan,,0.631,0.745,0.322,41,6.1739999999999995,0.7559999999999999,,0.24,2019
667,Lithuania,,0.29100000000000004,1.238,0.043,42,6.149,0.818,,0.042,2019
668,Colombia,,0.47,0.985,0.099,43,6.125,0.841,,0.034,2019
669,Slovenia,,0.564,1.258,0.14400000000000002,44,6.117999999999999,0.953,,0.057,2019
670,Nicaragua,,0.435,0.6940000000000001,0.2,45,6.105,0.835,,0.127,2019
671,Kosovo,,0.489,0.882,0.262,46,6.1,0.758,,0.006,2019
672,Argentina,,0.47100000000000003,1.092,0.066,47,6.086,0.8809999999999999,,0.05,2019
673,Romania,,0.462,1.162,0.083,48,6.07,0.825,,0.005,2019
674,Cyprus,,0.406,1.263,0.19,49,6.046,1.042,,0.040999999999999995,2019
675,Ecuador,,0.498,0.912,0.126,50,6.028,0.868,,0.087,2019
676,Kuwait,,0.493,1.5,0.142,51,6.021,0.8079999999999999,,0.09699999999999999,2019
677,Thailand,,0.557,1.05,0.359,52,6.007999999999999,0.828,,0.027999999999999997,2019
678,Latvia,,0.264,1.187,0.075,53,5.94,0.812,,0.064,2019
679,South Korea,,0.159,1.301,0.175,54,5.895,1.036,,0.055999999999999994,2019
680,Estonia,,0.495,1.237,0.10300000000000001,55,5.893,0.8740000000000001,,0.161,2019
681,Jamaica,,0.49,0.831,0.107,56,5.89,0.831,,0.027999999999999997,2019
682,Mauritius,,0.498,1.12,0.215,57,5.888,0.7979999999999999,,0.06,2019
683,Japan,,0.445,1.327,0.069,58,5.886,1.088,,0.14,2019
684,Honduras,,0.507,0.642,0.24600000000000002,59,5.86,0.828,,0.078,2019
685,Kazakhstan,,0.41,1.173,0.146,60,5.809,0.7290000000000001,,0.096,2019
686,Bolivia,,0.511,0.7759999999999999,0.13699999999999998,61,5.779,0.706,,0.064,2019
687,Hungary,,0.19899999999999998,1.2009999999999998,0.081,62,5.757999999999999,0.828,,0.02,2019
688,Paraguay,,0.514,0.855,0.184,63,5.742999999999999,0.777,,0.08,2019
689,Northern Cyprus,,0.41700000000000004,1.263,0.191,64,5.718,1.042,,0.162,2019
690,Peru,,0.455,0.96,0.083,65,5.697,0.8540000000000001,,0.027000000000000003,2019
691,Portugal,,0.508,1.2209999999999999,0.047,66,5.693,0.9990000000000001,,0.025,2019
692,Pakistan,,0.313,0.677,0.22,67,5.653,0.535,,0.098,2019
693,Russia,,0.33399999999999996,1.183,0.08199999999999999,68,5.648,0.726,,0.031,2019
694,Philippines,,0.5579999999999999,0.807,0.11699999999999999,69,5.631,0.657,,0.107,2019
695,Serbia,,0.282,1.004,0.13699999999999998,70,5.603,0.8540000000000001,,0.039,2019
696,Moldova,,0.245,0.685,0.18100000000000002,71,5.529,0.7390000000000001,,0.0,2019
697,Libya,,0.41600000000000004,1.044,0.133,72,5.525,0.6729999999999999,,0.152,2019
698,Montenegro,,0.19699999999999998,1.051,0.142,73,5.523,0.871,,0.08,2019
699,Tajikistan,,0.389,0.493,0.23,74,5.4670000000000005,0.718,,0.14400000000000002,2019
700,Croatia,,0.29600000000000004,1.155,0.11900000000000001,75,5.432,0.914,,0.022000000000000002,2019
701,Hong Kong,,0.44,1.4380000000000002,0.258,76,5.43,1.122,,0.287,2019
702,Dominican Republic,,0.49700000000000005,1.015,0.113,77,5.425,0.779,,0.10099999999999999,2019
703,Bosnia and Herzegovina,,0.212,0.945,0.263,78,5.386,0.845,,0.006,2019
704,Turkey,,0.195,1.183,0.083,79,5.372999999999999,0.8079999999999999,,0.106,2019
705,Malaysia,,0.508,1.2209999999999999,0.26,80,5.3389999999999995,0.828,,0.024,2019
706,Belarus,,0.235,1.067,0.094,81,5.3229999999999995,0.789,,0.142,2019
707,Greece,,0.067,1.181,0.0,82,5.287000000000001,0.9990000000000001,,0.034,2019
708,Mongolia,,0.317,0.948,0.235,83,5.285,0.667,,0.038,2019
709,North Macedonia,,0.345,0.983,0.185,84,5.274,0.838,,0.034,2019
710,Nigeria,,0.426,0.696,0.215,85,5.265,0.245,,0.040999999999999995,2019
711,Kyrgyzstan,,0.508,0.551,0.3,86,5.261,0.723,,0.023,2019
712,Turkmenistan,,0.39399999999999996,1.052,0.244,87,5.247000000000001,0.657,,0.027999999999999997,2019
713,Algeria,,0.086,1.002,0.073,88,5.211,0.785,,0.114,2019
714,Morocco,,0.418,0.8009999999999999,0.036000000000000004,89,5.207999999999999,0.782,,0.076,2019
715,Azerbaijan,,0.35100000000000003,1.043,0.035,90,5.207999999999999,0.769,,0.182,2019
716,Lebanon,,0.21600000000000003,0.987,0.166,91,5.197,0.815,,0.027000000000000003,2019
717,Indonesia,,0.491,0.9309999999999999,0.498,92,5.192,0.66,,0.027999999999999997,2019
718,China,,0.521,1.0290000000000001,0.057999999999999996,93,5.191,0.893,,0.1,2019
719,Vietnam,,0.5429999999999999,0.741,0.147,94,5.175,0.851,,0.073,2019
720,Bhutan,,0.457,0.813,0.37,95,5.082,0.604,,0.16699999999999998,2019
721,Cameroon,,0.381,0.5489999999999999,0.187,96,5.044,0.331,,0.037000000000000005,2019
722,Bulgaria,,0.311,1.092,0.081,97,5.011,0.815,,0.004,2019
723,Ghana,,0.381,0.611,0.245,98,4.996,0.486,,0.04,2019
724,Ivory Coast,,0.35200000000000004,0.569,0.154,99,4.944,0.23199999999999998,,0.09,2019
725,Nepal,,0.439,0.446,0.285,100,4.913,0.677,,0.08900000000000001,2019
726,Jordan,,0.38299999999999995,0.8370000000000001,0.11,101,4.906000000000001,0.815,,0.13,2019
727,Benin,,0.349,0.39299999999999996,0.175,102,4.883,0.397,,0.08199999999999999,2019
728,Congo (Brazzaville),,0.37200000000000005,0.6729999999999999,0.105,103,4.812,0.508,,0.09300000000000001,2019
729,Gabon,,0.295,1.057,0.043,104,4.7989999999999995,0.5710000000000001,,0.055,2019
730,Laos,,0.547,0.764,0.266,105,4.796,0.551,,0.16399999999999998,2019
731,South Africa,,0.389,0.96,0.13,106,4.7219999999999995,0.469,,0.055,2019
732,Albania,,0.38299999999999995,0.9470000000000001,0.17800000000000002,107,4.718999999999999,0.8740000000000001,,0.027000000000000003,2019
733,Venezuela,,0.154,0.96,0.064,108,4.707,0.805,,0.047,2019
734,Cambodia,,0.609,0.574,0.23199999999999998,109,4.7,0.637,,0.062,2019
735,Palestinian Territories,,0.225,0.657,0.10300000000000001,110,4.696000000000001,0.672,,0.066,2019
736,Senegal,,0.292,0.45,0.153,111,4.681,0.5710000000000001,,0.07200000000000001,2019
737,Somalia,,0.5589999999999999,0.0,0.243,112,4.668,0.268,,0.27,2019
738,Namibia,,0.401,0.879,0.07,113,4.638999999999999,0.47700000000000004,,0.055999999999999994,2019
739,Niger,,0.318,0.138,0.188,114,4.628,0.366,,0.102,2019
740,Burkina Faso,,0.255,0.331,0.177,115,4.587,0.38,,0.113,2019
741,Armenia,,0.28300000000000003,0.85,0.095,116,4.559,0.815,,0.064,2019
742,Iran,,0.305,1.1,0.27,117,4.548,0.785,,0.125,2019
743,Guinea,,0.332,0.38,0.207,118,4.534,0.375,,0.086,2019
744,Georgia,,0.34600000000000003,0.8859999999999999,0.043,119,4.519,0.752,,0.16399999999999998,2019
745,Gambia,,0.382,0.308,0.26899999999999996,120,4.516,0.428,,0.16699999999999998,2019
746,Kenya,,0.431,0.512,0.37200000000000005,121,4.5089999999999995,0.581,,0.053,2019
747,Mauritania,,0.066,0.57,0.106,122,4.49,0.489,,0.08800000000000001,2019
748,Mozambique,,0.494,0.204,0.19699999999999998,123,4.466,0.39,,0.138,2019
749,Tunisia,,0.16699999999999998,0.9209999999999999,0.059000000000000004,124,4.461,0.815,,0.055,2019
750,Bangladesh,,0.527,0.562,0.166,125,4.456,0.723,,0.14300000000000002,2019
751,Iraq,,0.24100000000000002,1.043,0.14800000000000002,126,4.437,0.574,,0.08900000000000001,2019
752,Congo (Kinshasa),,0.26899999999999996,0.094,0.212,127,4.418,0.35700000000000004,,0.053,2019
753,Mali,,0.327,0.385,0.153,128,4.39,0.308,,0.052000000000000005,2019
754,Sierra Leone,,0.309,0.268,0.252,129,4.374,0.242,,0.045,2019
755,Sri Lanka,,0.47,0.9490000000000001,0.244,130,4.3660000000000005,0.831,,0.047,2019
756,Myanmar,,0.525,0.71,0.5660000000000001,131,4.36,0.555,,0.172,2019
757,Chad,,0.174,0.35,0.198,132,4.35,0.192,,0.078,2019
758,Ukraine,,0.17800000000000002,0.82,0.187,133,4.332,0.7390000000000001,,0.01,2019
759,Ethiopia,,0.344,0.336,0.209,134,4.2860000000000005,0.532,,0.1,2019
760,Swaziland,,0.313,0.8109999999999999,0.07400000000000001,135,4.212,0.0,,0.135,2019
761,Uganda,,0.35600000000000004,0.332,0.252,136,4.189,0.44299999999999995,,0.06,2019
762,Egypt,,0.24100000000000002,0.9129999999999999,0.076,137,4.166,0.644,,0.067,2019
763,Zambia,,0.431,0.578,0.247,138,4.107,0.426,,0.087,2019
764,Togo,,0.293,0.275,0.177,139,4.085,0.41,,0.085,2019
765,India,,0.498,0.755,0.2,140,4.015,0.588,,0.085,2019
766,Liberia,,0.37,0.073,0.233,141,3.975,0.44299999999999995,,0.033,2019
767,Comoros,,0.142,0.27399999999999997,0.275,142,3.9730000000000003,0.505,,0.078,2019
768,Madagascar,,0.14800000000000002,0.27399999999999997,0.16899999999999998,143,3.9330000000000003,0.555,,0.040999999999999995,2019
769,Lesotho,,0.359,0.489,0.107,144,3.802,0.168,,0.09300000000000001,2019
770,Burundi,,0.22,0.046,0.17600000000000002,145,3.775,0.38,,0.18,2019
771,Zimbabwe,,0.361,0.366,0.151,146,3.6630000000000003,0.433,,0.08900000000000001,2019
772,Haiti,,0.026000000000000002,0.32299999999999995,0.419,147,3.597,0.449,,0.11,2019
773,Botswana,,0.455,1.041,0.025,148,3.488,0.5379999999999999,,0.1,2019
774,Syria,,0.013000000000000001,0.619,0.331,149,3.4619999999999997,0.44,,0.141,2019
775,Malawi,,0.44299999999999995,0.191,0.218,150,3.41,0.495,,0.08900000000000001,2019
776,Yemen,,0.14300000000000002,0.287,0.10800000000000001,151,3.38,0.46299999999999997,,0.077,2019
777,Rwanda,,0.555,0.359,0.217,152,3.3339999999999996,0.614,,0.41100000000000003,2019
778,Tanzania,,0.41700000000000004,0.47600000000000003,0.276,153,3.2310000000000003,0.499,,0.147,2019
779,Afghanistan,,0.0,0.35,0.158,154,3.2030000000000003,0.361,,0.025,2019
780,Central African Republic,,0.225,0.026000000000000002,0.235,155,3.083,0.105,,0.035,2019
781,South Sudan,,0.01,0.306,0.20199999999999999,156,2.853,0.295,,0.091,2019
